,MEAN DEP SCORE,LA CODE,STD DEP SCORE,LAD,LAD CODE,WARD CODE,All categories: Age,Children,Adults,Pensioners,All categories: Residence type,Lives in a household,Lives in a communal establishment,Communal establishments with persons sleeping rough identified,All categories: Ethnic group (detailed),White: English/Welsh/Scottish/Northern Irish/British,White: Irish,White: Polish,Asian/Asian British: Indian or British Indian,Asian/Asian British: Pakistani/British Pakistani,Black/African/Caribbean/Black British: African,Black/African/Caribbean/Black British: Caribbean,Other ethnic group: Any other ethnic group,All categories: Religion,Christian,Buddhist,Hindu,Jewish,Muslim (Islam),Sikh,Other religion: Total,No religion: Total,Religion not stated,All usual residents ,Area ,Density
0,11.515124199999999,00AA,6.405420592358802,E09000001,00AA,00AAFA,7375,692.0,5721.0,962.0,7375,7187,188,0,7375.0,4243.0,180.0,40.0,216.0,16.0,98.0,46.0,2536.0,7375.0,3344.0,92.0,145.0,166.0,409.0,18.0,28.0,2522.0,651.0,7375,290,25.5
1,34.094764862385325,00AB,8.255361410040607,E09000002,00AB,00ABFX,185911,53544.0,114160.0,18207.0,185911,184901,1010,0,185911.0,91949.0,1730.0,1624.0,7436.0,8007.0,28685.0,5227.0,41253.0,185911.0,104101.0,842.0,4464.0,425.0,25520.0,2952.0,533.0,35106.0,11968.0,185911,3609,51.5
2,16.48861204285715,00AC,8.427991651692635,E09000003,00AC,00ACFX,356386,83073.0,228823.0,44490.0,356386,352597,3789,1,356386.0,162117.0,8685.0,7289.0,27920.0,5344.0,19392.0,4468.0,121171.0,356386.0,146866.0,4521.0,21924.0,54084.0,36744.0,1269.0,3764.0,57297.0,29917.0,356386,8674,41.1
3,16.520169671232868,00AD,10.268776729849039,E09000004,00AD,00ADGA,231997,54140.0,142786.0,35071.0,231997,230902,1095,1,231997.0,179250.0,2596.0,953.0,7047.0,730.0,15952.0,2381.0,23088.0,231997.0,144093.0,1377.0,3547.0,234.0,5645.0,4156.0,724.0,55995.0,16226.0,231997,6056,38.3
4,30.1661094827586,00AE,11.454649050307442,E09000005,00AE,00AEGJ,311215,70364.0,210212.0,30639.0,311215,308895,2320,1,311215.0,55887.0,12320.0,9170.0,58017.0,14381.0,24391.0,23723.0,113326.0,311215.0,129080.0,4300.0,55449.0,4357.0,58036.0,1709.0,3768.0,33054.0,21462.0,311215,4324,72
5,14.96190186294416,00AF,11.07225183409249,E09000006,00AF,00AFGD,309392,68498.0,191932.0,48962.0,309392,307023,2369,0,309392.0,239478.0,4463.0,1710.0,6215.0,1014.0,9819.0,6609.0,40084.0,309392.0,187656.0,1580.0,4987.0,957.0,7841.0,736.0,1138.0,80303.0,24194.0,309392,15015,20.6
6,24.95662713533834,00AG,10.67364618478075,E09000007,00AG,00AGGD,220338,39005.0,158948.0,22385.0,220338,212443,7895,0,220338.0,96937.0,7053.0,1632.0,6083.0,1489.0,10802.0,3496.0,92846.0,220338.0,74821.0,2789.0,3141.0,9823.0,26643.0,465.0,1267.0,56113.0,45276.0,220338,2180,101.1
7,22.549635395454562,00AH,11.359810224495078,E09000008,00AH,00AHGE,363378,89044.0,232706.0,41628.0,363378,360230,3148,0,363378.0,171740.0,5369.0,4533.0,24660.0,10865.0,28981.0,31320.0,85910.0,363378.0,205022.0,2381.0,21739.0,709.0,29513.0,1450.0,2153.0,72654.0,27757.0,363378,8652,42
8,24.903090748717933,00AJ,11.326305775226135,E09000009,00AJ,00AJGC,338449,76605.0,227804.0,34040.0,338449,334725,3724,0,338449.0,103035.0,10428.0,18495.0,48240.0,14711.0,17299.0,13192.0,113049.0,338449.0,148055.0,4228.0,28915.0,1131.0,53198.0,26778.0,1987.0,50848.0,23309.0,338449,5552,61
9,25.978565265193378,00AK,13.09938144062732,E09000010,00AK,00AKGL,312466,78548.0,197518.0,36400.0,312466,310066,2400,0,312466.0,126450.0,6899.0,5408.0,11648.0,2594.0,28222.0,17334.0,113911.0,312466.0,167417.0,1824.0,10927.0,4412.0,52141.0,1078.0,1950.0,48522.0,24195.0,312466,8083,38.7
10,32.20935265734265,00AL,12.268279616358882,E09000011,00AL,00ALGP,254557,61372.0,168759.0,24426.0,254557,249991,4566,0,254557.0,133130.0,4291.0,2194.0,7836.0,2594.0,35164.0,8051.0,61297.0,254557.0,134632.0,4223.0,9087.0,492.0,17349.0,3490.0,1013.0,65034.0,19237.0,254557,4734,53.8
11,43.022362554744525,00AM,9.241655266531989,E09000012,00AM,00AMGA,246270,56395.0,173615.0,16260.0,246270,244433,1837,0,246270.0,89030.0,5216.0,3393.0,7599.0,1905.0,27976.0,19168.0,91983.0,246270.0,95131.0,3075.0,1577.0,15477.0,34727.0,1872.0,1311.0,69454.0,23646.0,246270,1906,129.2
12,27.254823666666656,00AN,10.020720034497023,E09000013,00AN,00ANGA,182493,32513.0,134656.0,15324.0,182493,180652,1841,0,182493.0,81989.0,6321.0,2537.0,3451.0,1612.0,10552.0,7111.0,68920.0,182493.0,98808.0,2060.0,2097.0,1161.0,18242.0,442.0,857.0,43487.0,15339.0,182493,1640,111.2
13,35.94586520833333,00AP,13.10287510150636,E09000014,00AP,00APGA,254926,57670.0,176346.0,20910.0,254926,253236,1690,0,254926.0,88424.0,6997.0,9179.0,5945.0,1920.0,23037.0,18087.0,101337.0,254926.0,114659.0,2829.0,4539.0,7643.0,36130.0,808.0,1303.0,64202.0,22813.0,254926,2959,86.2
14,15.454761489051096,00AQ,7.435223914451349,E09000015,00AQ,00AQFY,239056,54662.0,152768.0,31626.0,239056,236970,2086,0,239056.0,73826.0,7336.0,3523.0,63051.0,7797.0,8526.0,6812.0,68185.0,239056.0,89181.0,2700.0,60407.0,10538.0,29881.0,2752.0,5945.0,22871.0,14781.0,239056,5047,47.4
15,16.51940931543624,00AR,9.763489149471548,E09000016,00AR,00ARGC,237232,50827.0,146553.0,39852.0,237232,235671,1561,1,237232.0,197615.0,2989.0,841.0,5017.0,1492.0,7581.0,2885.0,18812.0,237232.0,155597.0,760.0,2963.0,1159.0,4829.0,1928.0,648.0,53549.0,15799.0,237232,11236,21.1
16,19.58012055214724,00AS,9.333704948415575,E09000017,00AS,00ASGG,273936,64120.0,176698.0,33118.0,273936,267227,6709,0,273936.0,142916.0,5949.0,3455.0,36795.0,9200.0,11275.0,4615.0,59731.0,273936.0,134813.0,2386.0,22033.0,1753.0,29065.0,18230.0,1669.0,46492.0,17495.0,273936,11570,23.7
17,21.918934273381286,00AT,8.368167992501176,E09000018,00AT,00ATFY,253957,57487.0,171302.0,25168.0,253957,251961,1996,2,253957.0,96264.0,4775.0,9433.0,48161.0,13676.0,10787.0,3381.0,67480.0,253957.0,106660.0,3617.0,26261.0,651.0,35666.0,22749.0,1540.0,40351.0,16462.0,253957,5599,45.4
18,35.852292711864386,00AU,9.645828511815026,E09000019,00AU,00AUFX,206125,36385.0,152812.0,16928.0,206125,200134,5991,0,206125.0,98322.0,8140.0,1594.0,3534.0,951.0,12622.0,7943.0,73019.0,206125.0,82879.0,2117.0,2108.0,1915.0,19521.0,569.0,967.0,61911.0,34138.0,206125,1486,138.7
19,23.388968349514563,00AW,12.66872824904083,E09000020,00AW,00AWFY,158649,26690.0,114175.0,17784.0,158649,155939,2710,1,158649.0,62271.0,3715.0,1098.0,2577.0,911.0,5536.0,3257.0,79284.0,158649.0,86005.0,2447.0,1386.0,3320.0,15812.0,263.0,778.0,32669.0,15969.0,158649,1213,130.8
20,11.520048876288662,00AX,5.967554135434453,E09000021,00AX,00AXFX,160060,33692.0,107280.0,19088.0,160060,156358,3702,0,160060.0,101015.0,2718.0,1943.0,6325.0,3009.0,2616.0,1027.0,41407.0,160060.0,84684.0,1771.0,7502.0,775.0,9474.0,1236.0,802.0,41183.0,12633.0,160060,3725,43
21,31.154085593220344,00AY,8.435242204534825,E09000022,00AY,00AYFZ,303086,60362.0,220913.0,21811.0,303086,300101,2985,2,303086.0,118250.0,7456.0,5839.0,4983.0,3072.0,35187.0,28886.0,99413.0,303086.0,160944.0,2963.0,3119.0,1134.0,21500.0,440.0,1682.0,84803.0,26501.0,303086,2682,113
22,31.115591807228906,00AZ,8.469518237224065,E09000023,00AZ,00AZGD,275885,63507.0,187810.0,24568.0,275885,273342,2543,1,275885.0,114446.0,5206.0,3308.0,4600.0,1596.0,32025.0,30854.0,83850.0,275885.0,145588.0,3664.0,6562.0,643.0,17759.0,531.0,1478.0,75155.0,24505.0,275885,3515,78.5
23,14.455508991935483,00BA,8.590041423487635,E09000024,00BA,00BAFX,199693,43271.0,134694.0,21728.0,199693,198217,1476,1,199693.0,96658.0,4417.0,6093.0,8106.0,7337.0,10442.0,8126.0,58514.0,199693.0,111993.0,1884.0,12203.0,791.0,16262.0,498.0,810.0,41231.0,14021.0,199693,3761,53.1
24,42.21003358490566,00BB,7.934038579881427,E09000025,00BB,00BBGB,307984,77828.0,210816.0,19340.0,307984,306009,1975,1,307984.0,51516.0,2172.0,4686.0,42484.0,30307.0,37811.0,15050.0,123958.0,307984.0,123119.0,2446.0,26962.0,342.0,98456.0,6421.0,1090.0,29373.0,19775.0,307984,3622,85
25,20.033257603773585,00BC,8.38487913790792,E09000026,00BC,00BCFY,278970,70385.0,177135.0,31450.0,278970,277323,1647,1,278970.0,96253.0,3900.0,2199.0,45660.0,31051.0,12357.0,9064.0,78486.0,278970.0,102755.0,1840.0,31699.0,10213.0,64999.0,17377.0,1348.0,30691.0,18048.0,278970,5641,49.5
26,10.09069906140351,00BD,5.5152131563787545,E09000027,00BD,00BDFW,186990,40559.0,122770.0,23661.0,186990,184098,2892,1,186990.0,133582.0,4766.0,1773.0,5202.0,1163.0,1643.0,840.0,38021.0,186990.0,103319.0,1577.0,3051.0,1409.0,6128.0,1581.0,890.0,53195.0,15840.0,186990,5742,32.6
27,29.973791848484847,00BE,9.16976019518368,E09000028,00BE,00BEGC,288283,59038.0,208318.0,20927.0,288283,282560,5723,1,288283.0,114534.0,6222.0,2796.0,5819.0,1623.0,47413.0,17974.0,91902.0,288283.0,151462.0,3884.0,3668.0,1006.0,24551.0,653.0,1350.0,77098.0,24611.0,288283,2885,99.9
28,15.273559785123961,00BF,9.025593542961792,E09000029,00BF,00BFGC,190146,43085.0,121416.0,25645.0,190146,188695,1451,0,190146.0,134854.0,3219.0,1961.0,6454.0,2595.0,5471.0,2742.0,32850.0,190146.0,111086.0,1368.0,8038.0,486.0,7726.0,325.0,796.0,46817.0,13504.0,190146,4385,43.4
29,40.159867953846145,00BG,12.830184156738705,E09000030,00BG,00BGFW,254096,55096.0,184323.0,14677.0,254096,250343,3753,0,254096.0,79231.0,3863.0,2263.0,6787.0,2442.0,9495.0,5341.0,144674.0,254096.0,68808.0,2726.0,4200.0,1283.0,87696.0,821.0,825.0,48648.0,39089.0,254096,1977,128.5
30,35.34703613793104,00BH,10.1409524232033,E09000031,00BH,00BHFX,258249,61352.0,172883.0,24014.0,258249,256615,1634,0,258249.0,92999.0,3959.0,6896.0,9134.0,26347.0,18815.0,18841.0,81258.0,258249.0,124939.0,1987.0,5917.0,1259.0,56541.0,1209.0,993.0,46462.0,18942.0,258249,3881,66.5
31,21.50378147701149,00BJ,9.121811388427105,E09000032,00BJ,00BJFZ,306995,55627.0,226091.0,25277.0,306995,301648,5347,0,306995.0,163739.0,7664.0,5978.0,8642.0,9718.0,14818.0,12297.0,84139.0,306995.0,162590.0,2574.0,6496.0,1617.0,24746.0,832.0,1283.0,82740.0,24117.0,306995,3426,89.6
32,24.23760478333334,00BK,12.036312411643406,E09000033,00BK,00BKGA,219396,35958.0,160565.0,22873.0,219396,213208,6188,2,219396.0,77334.0,4960.0,1511.0,7213.0,2328.0,9141.0,4449.0,112460.0,219396.0,97877.0,3194.0,4178.0,7237.0,40073.0,496.0,1280.0,44542.0,20519.0,219396,2148,102.2
33,30.232818142857152,00BL,18.780108242810822,E08000001,00BL,00BLFX,276786,64559.0,172390.0,39837.0,276786,274855,1931,1,276786.0,219794.0,1694.0,1490.0,21665.0,12026.0,3451.0,608.0,16058.0,276786.0,173608.0,574.0,5988.0,174.0,32385.0,118.0,721.0,47567.0,15651.0,276786,13980,19.8
34,22.209053650000005,00BM,13.713631940299608,E08000002,00BM,00BMFS,185060,41952.0,115436.0,27672.0,185060,183025,2035,0,185060.0,157897.0,2357.0,1518.0,1387.0,9002.0,1116.0,593.0,11190.0,185060.0,116036.0,453.0,817.0,10302.0,11279.0,301.0,422.0,34381.0,11069.0,185060,9948,18.6
35,41.46296695366797,00BN,17.09745002767776,E08000003,00BN,00BNGM,503127,108152.0,350120.0,44855.0,503127,481030,22097,1,503127.0,298237.0,11843.0,5932.0,11417.0,42904.0,25718.0,9642.0,97434.0,503127.0,245247.0,3879.0,5452.0,2613.0,79496.0,2292.0,1889.0,127485.0,34774.0,503127,11564,43.5
36,29.977345173611113,00BP,18.24144398801249,E08000004,00BP,00BPFX,224897,56557.0,137406.0,30934.0,224897,223170,1727,0,224897.0,169955.0,1484.0,850.0,1555.0,22686.0,1640.0,839.0,25888.0,224897.0,134167.0,371.0,1233.0,108.0,39879.0,70.0,406.0,36169.0,12494.0,224897,14236,15.8
37,33.57873465185185,00BQ,19.200340205247276,E08000005,00BQ,00BQFX,211699,50772.0,132000.0,28927.0,211699,209552,2147,3,211699.0,166481.0,2131.0,1859.0,1105.0,22265.0,2131.0,285.0,15442.0,211699.0,128186.0,403.0,642.0,216.0,29426.0,71.0,430.0,40014.0,12311.0,211699,15808,13.4
38,35.0043816875,00BR,19.199502309548144,E08000006,00BR,00BRFX,233933,50696.0,151976.0,31261.0,233933,228346,5587,0,233933.0,197445.0,2882.0,3287.0,2553.0,1843.0,5354.0,666.0,19903.0,233933.0,150111.0,1040.0,1504.0,7687.0,6030.0,324.0,691.0,52105.0,14441.0,233933,9719,24.1
39,18.66580055789474,00BS,15.031496803109162,E08000007,00BS,00BSGA,283275,60622.0,174567.0,48086.0,283275,280915,2360,0,283275.0,252044.0,3938.0,942.0,2786.0,6673.0,976.0,745.0,15171.0,283275.0,179055.0,853.0,1666.0,1340.0,9431.0,330.0,964.0,71126.0,18510.0,283275,12606,22.5
40,29.56015871631205,00BT,15.326969084731385,E08000008,00BT,00BTFW,219324,48495.0,138744.0,32085.0,219324,217736,1588,1,219324.0,194115.0,1613.0,1579.0,3668.0,4910.0,1188.0,371.0,11880.0,219324.0,140322.0,511.0,3223.0,89.0,9705.0,102.0,651.0,51674.0,13047.0,219324,10317,21.3
41,17.017572811594206,00BU,13.424400076750775,E08000009,00BU,00BUFY,226578,51731.0,140560.0,34287.0,226578,225277,1301,0,226578.0,182200.0,5098.0,1643.0,6306.0,7027.0,1807.0,3802.0,18695.0,226578.0,143639.0,768.0,2271.0,2413.0,12994.0,1652.0,566.0,47968.0,14307.0,226578,10604,21.4
42,26.151386199999994,00BW,16.34377085388495,E08000010,00BW,00BWGB,317849,68088.0,201613.0,48148.0,317849,315794,2055,1,317849.0,303519.0,1459.0,1181.0,1019.0,676.0,1310.0,216.0,8469.0,317849.0,247223.0,703.0,682.0,71.0,2162.0,62.0,689.0,48640.0,17617.0,317849,18819,16.9
43,42.32542343434342,00BX,21.6071676114695,E08000011,00BX,00BXGR,145893,32788.0,91375.0,21730.0,145893,144990,903,0,145893.0,140135.0,747.0,227.0,467.0,81.0,297.0,127.0,3812.0,145893.0,117991.0,165.0,266.0,58.0,435.0,37.0,167.0,18439.0,8335.0,145893,8647,16.9
44,44.181417955326445,00BY,20.782305582209446,E08000012,00BY,00BYHJ,466415,88911.0,315780.0,61724.0,466415,450085,16330,2,466415.0,395485.0,6729.0,3038.0,4915.0,1999.0,8490.0,1467.0,44292.0,466415.0,331217.0,2017.0,2437.0,2157.0,15209.0,531.0,1122.0,82701.0,29024.0,466415,11184,41.7
45,28.84740302542372,00BZ,17.876653964200045,E08000013,00BZ,00BZFU,175308,36402.0,109463.0,29443.0,175308,173958,1350,1,175308.0,169346.0,887.0,391.0,504.0,133.0,152.0,60.0,3835.0,175308.0,138172.0,317.0,416.0,48.0,605.0,46.0,403.0,25653.0,9648.0,175308,13638,12.9
46,24.706107705263157,00CA,17.61705161521971,E08000014,00CA,00CAGZ,273790,54334.0,165511.0,53945.0,273790,269697,4093,1,273790.0,259629.0,2312.0,1499.0,666.0,127.0,464.0,223.0,8870.0,273790.0,210184.0,504.0,525.0,486.0,1189.0,105.0,568.0,43196.0,17033.0,273790,15314,17.9
47,27.219729198067625,00CB,20.504556188558148,E08000015,00CB,00CBFZ,319783,67721.0,194553.0,57509.0,319783,316384,3399,0,319783.0,303682.0,2667.0,812.0,1344.0,226.0,389.0,189.0,10474.0,319783.0,225147.0,905.0,742.0,265.0,1809.0,236.0,830.0,68209.0,21640.0,319783,15705,20.4
48,28.75781663945578,00CC,15.033502304708142,E08000016,00CC,00CCGT,231221,48690.0,145077.0,37454.0,231221,229539,1682,0,231221.0,222164.0,567.0,1377.0,442.0,211.0,995.0,149.0,5316.0,231221.0,158287.0,344.0,232.0,49.0,945.0,197.0,623.0,55536.0,15008.0,231221,32905,7
49,30.03062815025905,00CE,16.311327642419833,E08000017,00CE,00CEFY,302402,65400.0,188990.0,48012.0,302402,297200,5202,1,302402.0,277740.0,1183.0,4469.0,1865.0,2728.0,1309.0,778.0,12330.0,302402.0,199320.0,683.0,881.0,79.0,4990.0,1140.0,932.0,73656.0,20721.0,302402,56799,5.3
50,28.051214090361462,00CF,15.566913655210032,E08000018,00CF,00CFFZ,257280,56059.0,159225.0,41996.0,257280,255334,1946,5,257280.0,236438.0,776.0,760.0,961.0,7609.0,1672.0,283.0,8781.0,257280.0,171068.0,401.0,433.0,63.0,9614.0,293.0,595.0,57783.0,17030.0,257280,28654,9
51,27.682481079646003,00CG,18.76326999004659,E08000019,00CG,00CGGY,552698,113311.0,358561.0,80826.0,552698,539064,13634,2,552698.0,446837.0,2891.0,2233.0,5868.0,21990.0,11543.0,5506.0,55830.0,552698.0,290299.0,2282.0,3566.0,747.0,42801.0,942.0,1961.0,172516.0,37584.0,552698,36795,15
52,29.29423152380952,00CH,16.045988238181035,E08000020,00CH,00CHGF,200214,40276.0,126742.0,33196.0,200214,197726,2488,1,200214.0,188355.0,592.0,1043.0,916.0,617.0,903.0,90.0,7698.0,200214.0,134075.0,423.0,497.0,3004.0,2096.0,356.0,529.0,47758.0,11476.0,200214,14235,14.1
53,29.46802542196531,00CJ,19.57290698812748,E08000021,00CJ,00CJGD,280177,54130.0,189534.0,36513.0,280177,271212,8965,5,280177.0,229520.0,1826.0,1375.0,5072.0,6364.0,4664.0,217.0,31139.0,280177.0,158138.0,1701.0,3144.0,671.0,17561.0,1223.0,755.0,79345.0,17639.0,280177,11344,24.7
54,22.261284744186064,00CK,14.539103600587802,E08000022,00CK,00CKFX,200801,40344.0,127323.0,33134.0,200801,199142,1659,0,200801.0,190936.0,596.0,393.0,1095.0,319.0,576.0,91.0,6795.0,200801.0,128185.0,436.0,513.0,92.0,1493.0,354.0,528.0,56408.0,12792.0,200801,8239,24.4
55,28.504347737864077,00CL,14.493676840052554,E08000023,00CL,00CLFZ,148127,29662.0,93148.0,25317.0,148127,146729,1398,0,148127.0,140821.0,305.0,148.0,643.0,434.0,316.0,61.0,5399.0,148127.0,104090.0,223.0,254.0,57.0,2854.0,424.0,362.0,31247.0,8616.0,148127,6441,23
56,29.96210602127659,00CM,15.873355027941809,E08000024,00CM,00CMGD,275506,54945.0,176573.0,43988.0,275506,271884,3622,1,275506.0,261209.0,608.0,624.0,1736.0,669.0,1062.0,111.0,9487.0,275506.0,193642.0,550.0,607.0,76.0,3650.0,814.0,511.0,60358.0,15298.0,275506,13746,20
57,37.31961297971919,00CN,17.631978409206717,E08000025,00CN,00CNHY,1073045,274135.0,668122.0,130788.0,1073045,1051366,21679,1,1073045.0,570217.0,22021.0,8404.0,64621.0,144627.0,29991.0,47641.0,185523.0,1073045.0,494358.0,4780.0,22362.0,2205.0,234411.0,32376.0,5646.0,206821.0,70086.0,1073045,26779,40.1
58,28.188021091370562,00CQ,16.661808494800106,E08000026,00CQ,00CQFU,316960,70425.0,203040.0,43495.0,316960,307730,9230,0,316960.0,211188.0,7305.0,6038.0,27751.0,9510.0,12836.0,3317.0,39015.0,316960.0,170090.0,1067.0,11152.0,210.0,23665.0,15912.0,1641.0,72896.0,20327.0,316960,9864,32.1
59,22.91903737623761,00CR,14.490869277055436,E08000027,00CR,00CRGB,312925,67730.0,190425.0,54770.0,312925,310398,2527,0,312925.0,277050.0,1170.0,724.0,5737.0,10339.0,1402.0,2658.0,13845.0,312925.0,204320.0,657.0,1908.0,77.0,12902.0,3694.0,1032.0,68835.0,19500.0,312925,9796,31.9
60,37.118540855614974,00CS,14.111331112880803,E08000028,00CS,00CSGB,308063,74376.0,189367.0,44320.0,308063,305928,2135,0,308063.0,202822.0,2045.0,5532.0,31400.0,13952.0,4396.0,11382.0,36534.0,308063.0,170075.0,654.0,6810.0,73.0,25251.0,26934.0,1816.0,57716.0,18734.0,308063,8557,36
61,16.643093699248112,00CT,14.919429043310208,E08000029,00CT,00CTFZ,206674,45017.0,124438.0,37219.0,206674,205087,1587,1,206674.0,177248.0,3935.0,492.0,7098.0,3413.0,852.0,1930.0,11706.0,206674.0,135572.0,430.0,3684.0,353.0,5247.0,3504.0,569.0,44187.0,13128.0,206674,17829,11.6
62,31.26260750887574,00CU,17.41223681954028,E08000030,00CU,00CUFX,269323,63437.0,162626.0,43260.0,269323,267397,1926,1,269323.0,207238.0,1181.0,1405.0,16502.0,14289.0,1999.0,3197.0,23512.0,269323.0,158971.0,516.0,4560.0,54.0,22146.0,11606.0,1420.0,53876.0,16174.0,269323,10395,25.9
63,34.25989705063291,00CW,16.308034731734306,E08000031,00CW,00CWFX,249470,56128.0,154892.0,38450.0,249470,245526,3944,4,249470.0,160945.0,1526.0,2173.0,32162.0,4415.0,4081.0,9507.0,34661.0,249470.0,138394.0,1015.0,9292.0,88.0,9062.0,22689.0,3057.0,49821.0,16052.0,249470,6944,35.9
64,32.20964905537459,00CX,19.83270075447331,E08000032,00CX,00CXGH,522452,136579.0,320269.0,65604.0,522452,515315,7137,0,522452.0,333628.0,2541.0,5133.0,13555.0,106614.0,4993.0,3581.0,52407.0,522452.0,239843.0,1000.0,4882.0,299.0,129041.0,5125.0,1686.0,108027.0,32549.0,522452,36642,14.3
65,23.72065944186047,00CY,14.672709224909795,E08000033,00CY,00CYFU,203826,45344.0,128090.0,30392.0,203826,202376,1450,1,203826.0,176732.0,1795.0,1444.0,1130.0,13904.0,479.0,320.0,8022.0,203826.0,114667.0,593.0,616.0,153.0,14802.0,355.0,808.0,57193.0,14639.0,203826,36392,5.6
66,25.251453896153844,00CZ,15.769687748485833,E08000034,00CZ,00CZHA,422458,96818.0,265562.0,60078.0,422458,416840,5618,1,422458.0,323890.0,2635.0,2864.0,20797.0,41802.0,2364.0,4626.0,23480.0,422458.0,225751.0,845.0,1544.0,189.0,61280.0,3330.0,1300.0,100829.0,27390.0,422458,40860,10.3
67,25.759926233193273,00DA,17.71134794890999,E08000035,00DA,00DAHP,751485,154671.0,493473.0,103341.0,751485,731373,20112,1,751485.0,609714.0,7031.0,6571.0,16130.0,22492.0,14894.0,6728.0,67925.0,751485.0,419790.0,2772.0,7048.0,6847.0,40772.0,8914.0,2396.0,212229.0,50717.0,751485,55172,13.6
68,25.75989763636365,00DB,14.698231098927817,E08000036,00DB,00DBFZ,325837,68414.0,205872.0,51551.0,325837,322264,3573,3,325837.0,302331.0,908.0,3772.0,1540.0,4896.0,1955.0,326.0,10109.0,325837.0,216215.0,573.0,831.0,117.0,6475.0,399.0,973.0,79497.0,20757.0,325837,33861,9.6
69,34.24970293103448,00EB,20.35186852776186,E06000001,00EB,00EBMU,92028,20370.0,56996.0,14662.0,92028,91091,937,0,92028.0,88924.0,193.0,287.0,266.0,291.0,129.0,36.0,1902.0,92028.0,64349.0,152.0,168.0,9.0,689.0,97.0,178.0,20507.0,5879.0,92028,9386,9.8
70,38.25284803409091,00EC,22.960996267077704,E06000002,00EC,00ECNC,138412,31750.0,87171.0,19491.0,138412,136156,2256,0,138412.0,119106.0,574.0,592.0,1477.0,6811.0,1470.0,92.0,8290.0,138412.0,87511.0,370.0,591.0,45.0,9757.0,564.0,246.0,30797.0,8531.0,138412,5387,25.7
71,29.406759760869544,00EE,19.905210876633635,E06000003,00EE,00EEMZ,135177,27774.0,82811.0,24592.0,135177,133929,1248,0,135177.0,131928.0,415.0,130.0,91.0,295.0,80.0,34.0,2204.0,135177.0,95111.0,187.0,64.0,33.0,598.0,43.0,362.0,30054.0,8725.0,135177,24490,5.5
72,24.405609623931625,00EF,18.817529663713398,E06000004,00EF,00EFNQ,191610,42275.0,121199.0,28136.0,191610,187959,3651,1,191610.0,178965.0,536.0,334.0,1488.0,3072.0,936.0,84.0,6195.0,191610.0,130723.0,388.0,675.0,94.0,4143.0,625.0,382.0,42910.0,11670.0,191610,20393,9.4
73,26.077203476190476,00EH,17.669317125823117,E06000005,00EH,00EHNC,105564,22928.0,65370.0,17266.0,105564,104111,1453,0,105564.0,98898.0,328.0,857.0,726.0,145.0,206.0,105.0,4299.0,105564.0,71122.0,307.0,317.0,45.0,971.0,361.0,310.0,25415.0,6716.0,105564,19748,5.3
74,27.042698956250007,00EJ,14.753088519449204,E06000047,00EJ,00EJNQ,513242,100091.0,326759.0,86392.0,513242,500288,12954,8,513242.0,495664.0,1229.0,1694.0,1368.0,463.0,447.0,158.0,12219.0,513242.0,369715.0,1001.0,607.0,208.0,1934.0,609.0,1525.0,107281.0,30362.0,513242,222606,2.3
75,20.22219721105526,00EM,13.7212861545311,E06000048,00EM,00EMNR,316028,61497.0,195295.0,59236.0,316028,310591,5437,1,316028.0,307097.0,833.0,542.0,939.0,351.0,193.0,114.0,5959.0,316028.0,216673.0,578.0,335.0,169.0,1018.0,494.0,980.0,75620.0,20161.0,316028,501302,0.6
76,13.313607264069258,00EQ,11.169601883585514,E06000049,00EQ,00EQNF,370127,75002.0,228027.0,67098.0,370127,365065,5062,0,370127.0,346264.0,2241.0,3643.0,2147.0,856.0,664.0,511.0,13801.0,370127.0,254940.0,882.0,1328.0,581.0,2438.0,279.0,1065.0,83973.0,24641.0,370127,116638,3.2
77,33.10336430379747,00ET,18.70000776819277,E06000006,00ET,00ETMY,125746,28266.0,80255.0,17225.0,125746,124874,872,0,125746.0,121210.0,654.0,368.0,282.0,44.0,95.0,134.0,2959.0,125746.0,94314.0,216.0,194.0,44.0,267.0,55.0,303.0,23543.0,6810.0,125746,7910,15.9
78,18.578900799999996,00EU,15.138372026288575,E06000007,00EU,00EUNB,202228,44010.0,128112.0,30106.0,202228,198828,3400,0,202228.0,187968.0,1357.0,1566.0,1803.0,1179.0,389.0,214.0,7752.0,202228.0,144405.0,457.0,1118.0,147.0,2097.0,361.0,513.0,41293.0,11837.0,202228,18065,11.2
79,17.27793825118483,00EW,14.044141702301177,E06000050,00EW,00EWNN,329608,66039.0,206163.0,57406.0,329608,326236,3372,2,329608.0,312013.0,2337.0,1934.0,1242.0,336.0,586.0,196.0,10964.0,329608.0,231126.0,776.0,653.0,250.0,1686.0,195.0,854.0,72649.0,21419.0,329608,91666,3.6
80,35.47502465934066,00EX,20.34301805672358,E06000008,00EX,00EXMZ,147489,38645.0,90977.0,17867.0,147489,145827,1662,0,147489.0,98144.0,794.0,1314.0,19791.0,17801.0,614.0,202.0,8829.0,147489.0,77599.0,306.0,574.0,54.0,39817.0,161.0,295.0,20374.0,8309.0,147489,13701,10.8
81,40.69405276595746,00EY,20.780905317526944,E06000009,00EY,00EYMZ,142065,28853.0,87602.0,25610.0,142065,137960,4105,4,142065.0,133042.0,1029.0,1450.0,627.0,223.0,183.0,111.0,5400.0,142065.0,95426.0,450.0,337.0,252.0,1061.0,61.0,571.0,34815.0,9092.0,142065,3488,40.7
82,37.80712670552146,00FA,19.480748092652874,E06000010,00FA,00FAMX,256406,54779.0,167986.0,33641.0,256406,252748,3658,1,256406.0,229920.0,550.0,4144.0,1086.0,882.0,2472.0,236.0,17116.0,256406.0,140753.0,771.0,439.0,172.0,5447.0,289.0,794.0,89336.0,18405.0,256406,7145,35.9
83,15.218969043062206,00FB,11.785136152240375,E06000011,00FB,00FBND,334179,64075.0,203098.0,67006.0,334179,326951,7228,0,334179.0,321309.0,908.0,1267.0,1081.0,396.0,355.0,175.0,8688.0,334179.0,227343.0,702.0,607.0,337.0,1309.0,174.0,863.0,78296.0,24548.0,334179,240768,1.4
84,29.83161163551403,00FC,20.82978819761511,E06000012,00FC,00FCMQ,159616,34358.0,98616.0,26642.0,159616,157786,1830,0,159616.0,152240.0,414.0,1051.0,513.0,195.0,306.0,71.0,4826.0,159616.0,96836.0,347.0,386.0,64.0,1332.0,158.0,533.0,48476.0,11484.0,159616,19184,8.3
85,22.124947009999993,00FD,14.844061681180222,E06000013,00FD,00FDMR,167446,35558.0,103628.0,28260.0,167446,165871,1575,1,167446.0,154526.0,727.0,2487.0,1122.0,862.0,365.0,64.0,7293.0,167446.0,110554.0,381.0,445.0,48.0,3024.0,538.0,417.0,40176.0,11863.0,167446,84631,2
86,13.109623516949155,00FF,10.329052691616047,E06000014,00FF,00FFNG,198051,35955.0,130632.0,31464.0,198051,190392,7659,2,198051.0,178613.0,1103.0,1438.0,1531.0,417.0,903.0,205.0,13841.0,198051.0,117856.0,1016.0,983.0,202.0,2072.0,133.0,747.0,59646.0,15396.0,198051,27194,7.3
87,24.05279714965987,00FK,16.12976767162667,E06000015,00FK,00FKMX,248752,56926.0,156237.0,35589.0,248752,244625,4127,1,248752.0,187386.0,2319.0,3028.0,10907.0,14620.0,3156.0,3405.0,23931.0,248752.0,131129.0,822.0,2198.0,110.0,19006.0,8891.0,985.0,68668.0,16943.0,248752,7803,31.9
88,33.55384825668446,00FN,15.961399632747002,E06000016,00FN,00FNNF,329839,77887.0,216866.0,35086.0,329839,321527,8312,1,329839.0,148629.0,2524.0,5584.0,93335.0,8067.0,12480.0,4790.0,54430.0,329839.0,106872.0,1224.0,50087.0,295.0,61440.0,14457.0,1839.0,75280.0,18345.0,329839,7331,45
89,9.02472747826087,00FP,3.928773620516403,E06000017,00FP,00FPMS,37369,8120.0,21861.0,7388.0,37369,34252,3117,0,37369.0,35241.0,217.0,104.0,113.0,38.0,116.0,107.0,1433.0,37369.0,25481.0,100.0,75.0,54.0,131.0,31.0,149.0,8728.0,2620.0,37369,38152,1
90,34.76230648295454,00FY,15.163899419184967,E06000018,00FY,00FYNE,305680,62394.0,209652.0,33634.0,305680,289738,15942,3,305680.0,199990.0,2819.0,5975.0,9901.0,16771.0,9877.0,9382.0,50965.0,305680.0,135216.0,2051.0,4498.0,1069.0,26919.0,4312.0,1483.0,106954.0,23178.0,305680,7461,41
91,18.030359172413792,00GA,7.876938206930847,E06000019,00GA,00GANY,183477,36034.0,110786.0,36657.0,183477,180595,2882,1,183477.0,171922.0,709.0,2765.0,490.0,80.0,160.0,103.0,7248.0,183477.0,124403.0,562.0,228.0,131.0,364.0,80.0,893.0,41766.0,15050.0,183477,217973,0.8
92,23.866505509259262,00GF,14.635908965849234,E06000020,00GF,00GFNM,166641,38876.0,105302.0,22463.0,166641,164440,2201,0,166641.0,149096.0,729.0,1967.0,3076.0,2243.0,1023.0,607.0,7900.0,166641.0,102892.0,398.0,872.0,78.0,3019.0,2118.0,692.0,45599.0,10973.0,166641,29031,5.7
93,16.513516348958337,00GG,7.704408551523776,E06000051,00GG,00GGMB,306129,61263.0,185472.0,59394.0,306129,298183,7946,2,306129.0,292047.0,1410.0,1620.0,752.0,216.0,302.0,164.0,9618.0,306129.0,210268.0,792.0,378.0,127.0,989.0,256.0,1113.0,69725.0,22481.0,306129,319730,1
94,35.29081823124998,00GL,17.32070068457617,E06000021,00GL,00GLNT,249008,54599.0,157952.0,36457.0,249008,246075,2933,2,249008.0,215222.0,636.0,1529.0,2329.0,10429.0,2536.0,834.0,15493.0,249008.0,151624.0,760.0,1384.0,66.0,14993.0,579.0,923.0,62737.0,15942.0,249008,9345,26.6
95,12.336867408695653,00HA,8.641844084802173,E06000022,00HA,00HANP,176016,33702.0,112300.0,30014.0,176016,169977,6039,0,176016.0,158640.0,1146.0,1147.0,1116.0,170.0,499.0,672.0,12626.0,176016.0,99468.0,941.0,535.0,254.0,1179.0,140.0,935.0,57626.0,14938.0,176016,34574,5.1
96,24.77122569444444,00HB,15.504365637099554,E06000023,00HB,00HBNM,428234,87503.0,287972.0,52759.0,428234,418814,9420,0,428234.0,333432.0,3851.0,5632.0,6547.0,6863.0,12085.0,6727.0,53097.0,428234.0,200254.0,2549.0,2712.0,777.0,22016.0,2133.0,2793.0,160218.0,34782.0,428234,10961,39.1
97,15.64345800806452,00HC,14.321293525560023,E06000024,00HC,00HCNP,202566,41401.0,121171.0,39994.0,202566,199225,3341,1,202566.0,190553.0,1113.0,1428.0,817.0,111.0,383.0,188.0,7973.0,202566.0,123545.0,554.0,340.0,157.0,869.0,95.0,939.0,60867.0,15200.0,202566,37379,5.4
98,10.856714913580246,00HD,7.106252877843658,E06000025,00HD,00HDRC,262767,56888.0,164157.0,41722.0,262767,258207,4560,0,262767.0,241611.0,1223.0,1626.0,2699.0,698.0,987.0,980.0,12943.0,262767.0,156504.0,708.0,1681.0,145.0,2176.0,623.0,888.0,80607.0,19435.0,262767,49695,5.3
99,22.579812394495406,00HE,8.885161534450916,E06000052,00HE,00HEMJ,532273,102516.0,322018.0,107739.0,532273,523432,8841,6,532273.0,509628.0,2046.0,1884.0,837.0,107.0,292.0,368.0,17111.0,532273.0,318357.0,1726.0,556.0,389.0,855.0,105.0,3609.0,161320.0,45356.0,532273,354619,1.5
100,17.47596,00HF,,E06000053,00HF,00HFMA,2203,353.0,1385.0,465.0,2203,2123,80,0,2203.0,2087.0,10.0,15.0,0.0,0.0,1.0,1.0,89.0,2203.0,1218.0,9.0,1.0,4.0,3.0,0.0,12.0,742.0,214.0,2203,1637,1.3
101,25.576493281250006,00HG,14.720579002772963,E06000026,00HG,00HGMX,256384,50893.0,166367.0,39124.0,256384,251100,5284,2,256384.0,238263.0,1105.0,1910.0,875.0,202.0,1106.0,343.0,12580.0,256384.0,148917.0,881.0,567.0,168.0,2078.0,89.0,1198.0,84295.0,18191.0,256384,7983,32.1
102,26.534981921348322,00HH,13.245208308288888,E06000027,00HH,00HHMN,130959,24789.0,77060.0,29110.0,130959,127908,3051,0,130959.0,124162.0,657.0,851.0,403.0,79.0,140.0,73.0,4594.0,130959.0,82924.0,389.0,128.0,109.0,521.0,41.0,702.0,36035.0,10110.0,130959,6287,20.8
103,23.43139844859814,00HN,12.995272357078957,E06000028,00HN,00HNMW,183491,31784.0,121086.0,30621.0,183491,179138,4353,1,183491.0,153752.0,1355.0,3579.0,1940.0,213.0,1208.0,380.0,21064.0,183491.0,104828.0,1215.0,1292.0,1343.0,3264.0,156.0,1216.0,55911.0,14266.0,183491,4618,39.7
104,16.048468714285715,00HP,9.993304333058774,E06000029,00HP,00HPMP,147645,29216.0,89898.0,28531.0,147645,145103,2542,1,147645.0,135698.0,756.0,1352.0,1098.0,96.0,329.0,119.0,8197.0,147645.0,89243.0,538.0,511.0,404.0,1035.0,79.0,717.0,43922.0,11196.0,147645,6475,22.8
105,17.167477042016806,00HX,13.62370061265882,E06000030,00HX,00HXMY,209156,46523.0,135525.0,27108.0,209156,207858,1298,0,209156.0,177028.0,1852.0,2706.0,6901.0,1292.0,1718.0,807.0,16852.0,209156.0,120287.0,1209.0,2597.0,151.0,3538.0,1228.0,1061.0,64780.0,14305.0,209156,23010,9.1
106,12.377144832740216,00HY,7.67935663830478,E06000054,00HY,00HYMA,470981,103400.0,287274.0,80307.0,470981,457954,13027,2,470981.0,439725.0,2381.0,3190.0,1547.0,215.0,1418.0,1151.0,21354.0,470981.0,301651.0,1621.0,1308.0,384.0,2074.0,303.0,2417.0,125045.0,36178.0,470981,325534,1.4
107,26.08266049038462,00JA,13.800719806112351,E06000031,00JA,00JANB,183631,43877.0,116392.0,23362.0,183631,181827,1804,1,183631.0,130232.0,1257.0,5778.0,4636.0,12078.0,2480.0,1174.0,25996.0,183631.0,104202.0,463.0,2320.0,144.0,17251.0,1184.0,591.0,45183.0,12293.0,183631,34338,5.3
108,25.467283479338835,00KA,12.581541994471003,E06000032,00KA,00KAMS,203201,52181.0,128514.0,22506.0,203201,201549,1652,0,203201.0,90530.0,6126.0,6946.0,10625.0,29353.0,9169.0,8177.0,42275.0,203201.0,96271.0,652.0,6749.0,326.0,49991.0,2347.0,898.0,33594.0,12373.0,203201,4335,46.9
109,17.815172519607845,00KB,12.109941984919118,E06000055,00KB,00KBND,157479,35875.0,98197.0,23407.0,157479,154536,2943,0,157479.0,112588.0,1683.0,3719.0,8122.0,3270.0,2741.0,2843.0,22513.0,157479.0,93346.0,509.0,2420.0,171.0,8610.0,3336.0,1506.0,37229.0,10352.0,157479,47641,3.3
110,10.736066292207802,00KC,7.623301586666215,E06000056,00KC,00KCNF,254381,56350.0,160735.0,37296.0,254381,252120,2261,0,254381.0,228053.0,3149.0,1325.0,2533.0,442.0,2054.0,1230.0,15595.0,254381.0,158236.0,779.0,1668.0,499.0,1931.0,746.0,882.0,72355.0,17285.0,254381,71566,3.6
111,22.93002913084112,00KF,15.36559903767584,E06000033,00KF,00KFMP,173658,37359.0,107307.0,28992.0,173658,171489,2169,0,173658.0,151136.0,1496.0,1226.0,1810.0,1059.0,2728.0,524.0,13679.0,173658.0,96755.0,801.0,1161.0,2150.0,3309.0,149.0,908.0,54880.0,13545.0,173658,4176,41.6
112,20.12142163157894,00KG,11.915599793999592,E06000034,00KG,00KGMX,157705,38415.0,100537.0,18753.0,157705,157072,633,0,157705.0,127587.0,1108.0,1846.0,2234.0,534.0,9742.0,1336.0,13318.0,157705.0,99891.0,615.0,1178.0,221.0,3164.0,1224.0,456.0,41061.0,9895.0,157705,16338,9.7
113,20.817616445121942,00LC,12.524342732333595,E06000035,00LC,00LCNN,263925,60877.0,168533.0,34515.0,263925,259988,3937,0,263925.0,225654.0,1946.0,1327.0,7132.0,1516.0,4742.0,1428.0,20180.0,263925.0,152637.0,937.0,2756.0,208.0,5169.0,3846.0,1392.0,78995.0,17985.0,263925,19203,13.7
114,9.379547597297297,00MA,6.0044462643013015,E06000036,00MA,00MAMW,113205,26660.0,73335.0,13210.0,113205,110512,2693,0,113205.0,96080.0,984.0,790.0,1989.0,518.0,1586.0,402.0,10856.0,113205.0,68524.0,825.0,1824.0,176.0,1276.0,455.0,490.0,32184.0,7451.0,113205,10939,10.3
115,9.959383938144331,00MB,6.00779011832023,E06000037,00MB,00MBNJ,153822,35394.0,96429.0,21999.0,153822,150878,2944,0,153822.0,139044.0,1284.0,979.0,1675.0,473.0,701.0,514.0,9152.0,153822.0,97896.0,495.0,1106.0,212.0,1218.0,236.0,607.0,41042.0,11010.0,153822,70417,2.2
116,20.729468376344098,00MC,10.797573908904456,E06000038,00MC,00MCMR,155698,33395.0,105496.0,16807.0,155698,151330,4368,0,155698.0,101725.0,2269.0,3495.0,6514.0,6967.0,6087.0,3279.0,25362.0,155698.0,77848.0,1876.0,5661.0,355.0,11007.0,947.0,701.0,45931.0,11372.0,155698,4040,38.5
117,23.940394756410253,00MD,8.180581675610009,E06000039,00MD,00MDMQ,140205,37224.0,90884.0,12097.0,140205,139697,508,0,140205.0,48401.0,1607.0,7621.0,21922.0,24869.0,7548.0,3096.0,25141.0,140205.0,57726.0,743.0,8643.0,87.0,32655.0,14889.0,482.0,17024.0,7956.0,140205,3254,43.1
118,8.932643488636366,00ME,5.876994651596506,E06000040,00ME,00MEMZ,144560,32570.0,89360.0,22630.0,144560,141065,3495,1,144560.0,112081.0,2055.0,1392.0,5860.0,4238.0,1039.0,473.0,17422.0,144560.0,90051.0,780.0,2660.0,475.0,5684.0,2941.0,513.0,31353.0,10103.0,144560,19651,7.4
119,5.4525249759999985,00MF,4.5978226943712555,E06000041,00MF,00MFNB,154380,35460.0,96650.0,22270.0,154380,151740,2640,0,154380.0,129119.0,1367.0,615.0,5331.0,2865.0,1203.0,712.0,13168.0,154380.0,91905.0,572.0,3183.0,508.0,4352.0,2043.0,454.0,40143.0,11220.0,154380,17898,8.6
120,16.029891999999997,00MG,12.522820816416692,E06000042,00MG,00MGNB,248821,61731.0,161539.0,25551.0,248821,246715,2106,0,248821.0,183934.0,2498.0,3164.0,8106.0,3851.0,13058.0,2524.0,31686.0,248821.0,131352.0,1246.0,6918.0,427.0,11913.0,1372.0,1216.0,77939.0,16438.0,248821,30863,8.1
121,26.0937003902439,00ML,14.42987180950235,E06000043,00ML,00MLND,273369,49947.0,189813.0,33609.0,273369,266059,7310,1,273369.0,220018.0,3772.0,1952.0,2996.0,649.0,2893.0,879.0,40210.0,273369.0,117276.0,2742.0,1792.0,2670.0,6095.0,342.0,2409.0,115954.0,24089.0,273369,8267,33.1
122,25.233738959349598,00MR,14.594363192272912,E06000044,00MR,00MRMP,205056,42428.0,136940.0,25688.0,205056,200052,5004,4,205056.0,172313.0,1071.0,1668.0,2911.0,539.0,2958.0,540.0,23056.0,205056.0,106999.0,1162.0,1282.0,235.0,7162.0,468.0,1050.0,71826.0,14872.0,205056,4041,50.7
123,24.88790965068494,00MS,12.424268230754386,E06000045,00MS,00MSMR,236882,46149.0,161851.0,28882.0,236882,228459,8423,2,236882.0,183980.0,1746.0,7619.0,6742.0,3019.0,3508.0,1132.0,29136.0,236882.0,122018.0,1331.0,2482.0,254.0,9903.0,3476.0,1329.0,79379.0,16710.0,236882,4989,47.5
124,20.827769460674162,00MW,8.040056134362063,E06000046,00MW,00MWRU,138265,26168.0,81154.0,30943.0,138265,133713,4552,1,138265.0,131099.0,747.0,465.0,435.0,80.0,141.0,115.0,5183.0,138265.0,83671.0,459.0,312.0,124.0,524.0,45.0,905.0,40950.0,11275.0,138265,38016,3.6
125,10.40831964285714,11UB,7.361243244345693,E07000004,11UB,11UBGR,174137,40304.0,109440.0,24393.0,174137,170651,3486,1,174137.0,148360.0,1573.0,1105.0,1872.0,5408.0,1676.0,1302.0,12841.0,174137.0,107432.0,657.0,1350.0,321.0,6783.0,238.0,588.0,44520.0,12248.0,174137,90275,1.9
126,8.020526789473685,11UC,5.677449678504225,E07000005,11UC,11UCGH,92635,21480.0,54238.0,16917.0,92635,91871,764,0,92635.0,79579.0,1118.0,534.0,1799.0,1772.0,258.0,213.0,7362.0,92635.0,58553.0,327.0,1206.0,507.0,2311.0,489.0,343.0,21818.0,7081.0,92635,19635,4.7
127,9.524479125,11UE,4.685134094921663,E07000006,11UE,11UEFX,66867,14402.0,40241.0,12224.0,66867,65819,1048,0,66867.0,51541.0,1133.0,341.0,4758.0,965.0,354.0,278.0,7497.0,66867.0,41637.0,310.0,1685.0,289.0,1665.0,3163.0,228.0,13270.0,4620.0,66867,14128,4.7
128,11.65529689719626,11UF,8.262378712191845,E07000007,11UF,11UFGK,171644,39359.0,106688.0,25597.0,171644,168958,2686,0,171644.0,130313.0,1553.0,1944.0,2939.0,13091.0,1744.0,3382.0,16678.0,171644.0,98182.0,913.0,2003.0,394.0,15022.0,767.0,644.0,41582.0,12137.0,171644,32457,5.3
129,16.357047397058825,12UB,8.58724180782886,E07000008,12UB,12UBFQ,123867,20306.0,89761.0,13800.0,123867,107345,16522,1,123867.0,81742.0,1767.0,2188.0,3413.0,742.0,1300.0,598.0,32117.0,123867.0,55514.0,1573.0,2058.0,870.0,4897.0,213.0,703.0,46839.0,11200.0,123867,4070,30.4
130,10.681915595744682,12UC,4.928434917741304,E07000009,12UC,12UCFU,83818,18341.0,52051.0,13426.0,83818,83056,762,2,83818.0,75218.0,527.0,917.0,316.0,103.0,288.0,95.0,6354.0,83818.0,52243.0,285.0,149.0,122.0,369.0,117.0,337.0,23565.0,6631.0,83818,65128,1.3
131,22.21863261111111,12UD,9.908832893584233,E07000010,12UD,12UDGC,95262,19171.0,57913.0,18178.0,95262,93934,1328,0,95262.0,86151.0,390.0,1326.0,372.0,65.0,216.0,186.0,6556.0,95262.0,63242.0,182.0,193.0,108.0,395.0,113.0,345.0,23846.0,6838.0,95262,54645,1.7
132,10.610905943396226,12UE,6.696275073900068,E07000011,12UE,12UEGM,169508,36660.0,107461.0,25387.0,169508,166952,2556,0,169508.0,151694.0,1130.0,1858.0,1119.0,998.0,862.0,427.0,11420.0,169508.0,103070.0,524.0,619.0,190.0,1865.0,266.0,683.0,50025.0,12266.0,169508,90618,1.9
133,6.943563822222221,12UG,3.799810834926349,E07000012,12UG,12UGGW,148755,33202.0,92474.0,23079.0,148755,146779,1976,2,148755.0,129812.0,1094.0,928.0,2210.0,465.0,760.0,341.0,13145.0,148755.0,87463.0,700.0,1123.0,362.0,1464.0,186.0,568.0,44741.0,12148.0,148755,90163,1.6
134,22.28213143333333,16UB,14.320913881337518,E07000026,16UB,16UBGM,96422,18768.0,58807.0,18847.0,96422,94970,1452,0,96422.0,94085.0,241.0,203.0,81.0,34.0,43.0,20.0,1715.0,96422.0,72716.0,183.0,39.0,19.0,192.0,9.0,228.0,16677.0,6359.0,96422,124158,0.8
135,31.513067219999996,16UC,18.625572911674947,E07000027,16UC,16UCGD,69087,14163.0,42797.0,12127.0,69087,68392,695,0,69087.0,67073.0,222.0,173.0,137.0,47.0,56.0,7.0,1372.0,69087.0,48830.0,150.0,101.0,15.0,172.0,7.0,167.0,15252.0,4393.0,69087,7796,8.9
136,22.99838286764706,16UD,13.25943092514063,E07000028,16UD,16UDGA,107524,20973.0,67854.0,18697.0,107524,106138,1386,1,107524.0,102189.0,405.0,1214.0,273.0,109.0,107.0,19.0,3208.0,107524.0,74296.0,277.0,241.0,17.0,455.0,27.0,279.0,24626.0,7306.0,107524,103930,1
137,25.33693742857142,16UE,13.16438421232794,E07000029,16UE,16UEGD,70603,13742.0,44278.0,12583.0,70603,69312,1291,0,70603.0,68679.0,190.0,95.0,137.0,79.0,52.0,21.0,1350.0,70603.0,55687.0,148.0,81.0,17.0,227.0,8.0,146.0,10147.0,4142.0,70603,73174,1
138,14.10880261111111,16UF,4.343370599270236,E07000030,16UF,16UFGF,52564,9754.0,32013.0,10797.0,52564,51613,951,2,52564.0,51009.0,139.0,310.0,77.0,7.0,9.0,7.0,1006.0,52564.0,37165.0,130.0,42.0,31.0,115.0,6.0,156.0,10882.0,4037.0,52564,214236,0.2
139,12.247292779661015,16UG,4.9368757197706845,E07000031,16UG,16UGKD,103658,18475.0,61654.0,23529.0,103658,100514,3144,2,103658.0,99089.0,355.0,676.0,187.0,40.0,106.0,67.0,3138.0,103658.0,70541.0,465.0,55.0,104.0,175.0,7.0,388.0,23912.0,8011.0,103658,153362,0.7
140,17.96099588461538,17UB,10.276142229932978,E07000032,17UB,17UBGC,122309,24630.0,76352.0,21327.0,122309,121167,1142,0,122309.0,117988.0,428.0,461.0,416.0,80.0,120.0,106.0,2710.0,122309.0,74834.0,253.0,155.0,79.0,188.0,172.0,583.0,37085.0,8960.0,122309,26538,4.6
141,27.046092937499996,17UC,12.113815172895176,E07000033,17UC,17UCGB,75866,15630.0,47335.0,12901.0,75866,75251,615,0,75866.0,73058.0,199.0,515.0,207.0,56.0,175.0,51.0,1605.0,75866.0,49447.0,115.0,81.0,29.0,146.0,104.0,261.0,20507.0,5176.0,75866,16033,4.7
142,24.34791602941176,17UD,13.373974352460653,E07000034,17UD,17UDFX,103788,20940.0,64738.0,18110.0,103788,102681,1107,0,103788.0,98456.0,386.0,270.0,487.0,334.0,433.0,271.0,3151.0,103788.0,66175.0,213.0,257.0,31.0,699.0,158.0,375.0,28238.0,7642.0,103788,6604,15.7
143,12.65369758139535,17UF,6.468750298617219,E07000035,17UF,17UFGC,71116,13550.0,42741.0,14825.0,71116,69562,1554,0,71116.0,68835.0,321.0,228.0,97.0,84.0,33.0,36.0,1482.0,71116.0,48869.0,164.0,39.0,56.0,142.0,34.0,241.0,16477.0,5094.0,71116,79245,0.9
144,19.418243424657533,17UG,12.527476284935615,E07000036,17UG,17UGGC,112081,23078.0,70232.0,18771.0,112081,110939,1142,0,112081.0,106673.0,574.0,437.0,778.0,89.0,125.0,337.0,3068.0,112081.0,64784.0,213.0,412.0,42.0,258.0,284.0,412.0,37995.0,7681.0,112081,10963,10.2
145,16.155377881355932,17UH,10.488784467392845,E07000037,17UH,17UHGC,90892,18815.0,57441.0,14636.0,90892,89867,1025,0,90892.0,87131.0,596.0,263.0,148.0,78.0,87.0,82.0,2507.0,90892.0,58264.0,296.0,77.0,35.0,178.0,33.0,389.0,25057.0,6563.0,90892,53915,1.7
146,16.79550446031746,17UJ,10.662731843411597,E07000038,17UJ,17UJGD,99023,18795.0,60692.0,19536.0,99023,98240,783,1,99023.0,95968.0,264.0,141.0,350.0,79.0,156.0,65.0,2000.0,99023.0,66773.0,115.0,92.0,48.0,268.0,131.0,309.0,24465.0,6822.0,99023,27560,3.6
147,13.803418037037043,17UK,8.086016825594186,E07000039,17UK,17UKGP,94611,21228.0,59726.0,13657.0,94611,93133,1478,0,94611.0,88925.0,386.0,247.0,1649.0,179.0,174.0,205.0,2846.0,94611.0,60522.0,161.0,264.0,43.0,331.0,1400.0,335.0,25334.0,6221.0,94611,33812,2.8
148,13.855629560975611,18UB,6.072844152330621,E07000040,18UB,18UBGN,132457,23576.0,73508.0,35373.0,132457,129528,2929,1,132457.0,127442.0,593.0,295.0,220.0,6.0,68.0,61.0,3772.0,132457.0,86934.0,351.0,55.0,142.0,229.0,13.0,657.0,33280.0,10796.0,132457,81435,1.6
149,19.520081315068484,18UC,11.088736969095605,E07000041,18UC,18UCFU,117773,21050.0,79456.0,17267.0,117773,111808,5965,0,117773.0,104013.0,629.0,1100.0,946.0,164.0,492.0,128.0,10301.0,117773.0,63486.0,683.0,372.0,155.0,1855.0,160.0,671.0,40862.0,9529.0,117773,4703,25
150,17.36491027906976,18UD,7.049160898425728,E07000042,18UD,18UDGF,77750,16491.0,46399.0,14860.0,77750,76866,884,0,77750.0,74554.0,278.0,576.0,116.0,7.0,64.0,17.0,2138.0,77750.0,48273.0,224.0,96.0,46.0,112.0,5.0,366.0,22122.0,6506.0,77750,91293,0.9
151,20.209738344827596,18UE,10.198323609921324,E07000043,18UE,18UEGH,93667,18606.0,55511.0,19550.0,93667,91592,2075,0,93667.0,89832.0,316.0,279.0,215.0,67.0,63.0,70.0,2825.0,93667.0,57426.0,283.0,101.0,52.0,281.0,57.0,473.0,26983.0,8011.0,93667,108605,0.9
152,13.971534836734696,18UG,6.375201862803725,E07000044,18UG,18UGGM,83140,15251.0,49465.0,18424.0,83140,81805,1335,1,83140.0,79681.0,371.0,177.0,115.0,12.0,73.0,36.0,2675.0,83140.0,51181.0,468.0,56.0,109.0,201.0,5.0,634.0,23068.0,7418.0,83140,88650,0.9
153,15.958184321428567,18UH,7.852913087865927,E07000045,18UH,18UHGL,124220,23510.0,73421.0,27289.0,124220,121337,2883,1,124220.0,119480.0,499.0,378.0,165.0,17.0,48.0,52.0,3581.0,124220.0,77289.0,414.0,74.0,95.0,231.0,11.0,727.0,34939.0,10440.0,124220,67387,1.8
154,20.441830999999997,18UK,6.194449468727092,E07000046,18UK,18UKGE,63839,12077.0,37744.0,14018.0,63839,62887,952,1,63839.0,61985.0,211.0,125.0,39.0,3.0,11.0,34.0,1431.0,63839.0,40110.0,151.0,30.0,37.0,92.0,5.0,420.0,17537.0,5457.0,63839,98385,0.6
155,16.80162164516129,18UL,5.240004833182407,E07000047,18UL,18ULFY,53553,10199.0,31764.0,11590.0,53553,51914,1639,0,53553.0,51603.0,233.0,186.0,57.0,4.0,26.0,23.0,1421.0,53553.0,34079.0,152.0,34.0,49.0,90.0,7.0,313.0,14254.0,4575.0,53553,115964,0.5
156,13.020604533333334,19UC,7.6462451545814245,E07000048,19UC,19UCFL,47752,8534.0,25707.0,13511.0,47752,47298,454,0,47752.0,45414.0,299.0,115.0,97.0,5.0,50.0,27.0,1745.0,47752.0,32057.0,157.0,51.0,96.0,146.0,5.0,264.0,11291.0,3685.0,47752,5039,9.5
157,8.81810745614035,19UD,5.80542758815536,E07000049,19UD,19UDGA,87166,15592.0,48481.0,23093.0,87166,86193,973,0,87166.0,83876.0,371.0,90.0,157.0,43.0,61.0,29.0,2539.0,87166.0,58251.0,156.0,103.0,148.0,352.0,12.0,359.0,21103.0,6682.0,87166,35437,2.5
158,13.309641771428574,19UE,4.766337456482757,E07000050,19UE,19UEGE,68583,14396.0,40263.0,13924.0,68583,65572,3011,0,68583.0,64936.0,279.0,442.0,111.0,11.0,108.0,65.0,2631.0,68583.0,45631.0,262.0,221.0,92.0,186.0,10.0,341.0,16323.0,5517.0,68583,60922,1.1
159,13.800557413793102,19UG,4.044064275279738,E07000051,19UG,19UGFN,44973,8405.0,26285.0,10283.0,44973,44334,639,0,44973.0,43253.0,228.0,135.0,33.0,12.0,35.0,6.0,1271.0,44973.0,29239.0,111.0,5.0,36.0,69.0,2.0,217.0,11642.0,3652.0,44973,40442,1.1
160,15.732101912280699,19UH,6.252796403159363,E07000052,19UH,19UHGR,99264,18354.0,56120.0,24790.0,99264,96596,2668,0,99264.0,95011.0,500.0,193.0,242.0,59.0,111.0,43.0,3105.0,99264.0,64793.0,334.0,121.0,86.0,257.0,13.0,594.0,24783.0,8283.0,99264,108147,0.9
161,24.527329512820515,19UJ,13.204329913854444,E07000053,19UJ,19UJFQ,65167,12421.0,39993.0,12753.0,65167,63373,1794,0,65167.0,61860.0,298.0,342.0,97.0,21.0,153.0,125.0,2271.0,65167.0,39766.0,260.0,49.0,61.0,308.0,46.0,455.0,19079.0,5143.0,65167,4176,15.6
162,24.653364745762715,21UC,11.39890830750945,E07000061,21UC,21UCFL,99412,19208.0,59060.0,21144.0,99412,96968,2444,0,99412.0,86903.0,978.0,1007.0,671.0,107.0,517.0,159.0,9070.0,99412.0,59232.0,482.0,429.0,211.0,1458.0,53.0,586.0,28995.0,7966.0,99412,4416,22.5
163,35.17950188679246,21UD,17.244817807220638,E07000062,21UD,21UDFS,90254,19124.0,56691.0,14439.0,90254,88562,1692,3,90254.0,80624.0,702.0,456.0,487.0,78.0,639.0,303.0,6965.0,90254.0,46832.0,475.0,423.0,142.0,1159.0,38.0,668.0,33066.0,7451.0,90254,2972,30.4
164,15.745001903225807,21UF,7.451491257535287,E07000063,21UF,21UFGG,97502,19334.0,57278.0,20890.0,97502,95880,1622,0,97502.0,90218.0,757.0,284.0,360.0,64.0,248.0,123.0,5448.0,97502.0,55572.0,489.0,257.0,320.0,558.0,42.0,603.0,31641.0,8020.0,97502,29207,3.3
165,19.994957793103453,21UG,10.200937250271215,E07000064,21UG,21UGGD,90588,16466.0,49725.0,24397.0,90588,88149,2439,0,90588.0,85279.0,596.0,133.0,276.0,16.0,181.0,76.0,4031.0,90588.0,58706.0,290.0,171.0,170.0,460.0,12.0,525.0,22864.0,7390.0,90588,50943,1.8
166,12.105561515789471,21UH,7.077189686320581,E07000065,21UH,21UHGM,148915,30309.0,86508.0,32098.0,148915,146039,2876,0,148915.0,139745.0,933.0,313.0,459.0,52.0,215.0,110.0,7088.0,148915.0,95317.0,454.0,221.0,231.0,566.0,33.0,1126.0,39157.0,11810.0,148915,83317,1.8
167,20.566376781818185,22UB,13.81082765668562,E07000066,22UB,22UBFQ,174497,39924.0,108431.0,26142.0,174497,173372,1125,0,174497.0,156215.0,1313.0,486.0,2089.0,436.0,3339.0,931.0,9688.0,174497.0,105158.0,526.0,1238.0,424.0,1622.0,148.0,583.0,52923.0,11875.0,174497,11002,15.9
168,14.203518476190473,22UC,6.9438849557554585,E07000067,22UC,22UCGL,147084,32626.0,91628.0,22830.0,147084,145463,1621,1,147084.0,137010.0,1051.0,1184.0,625.0,122.0,540.0,286.0,6266.0,147084.0,90114.0,355.0,445.0,199.0,685.0,93.0,583.0,44111.0,10499.0,147084,61171,2.4
169,9.748979133333336,22UD,6.641179987390645,E07000068,22UD,22UDFT,73601,15554.0,44787.0,13260.0,73601,72789,812,0,73601.0,65688.0,921.0,201.0,939.0,113.0,542.0,230.0,4967.0,73601.0,50502.0,300.0,776.0,272.0,649.0,111.0,219.0,15556.0,5216.0,73601,15312,4.8
170,14.98967098245614,22UE,7.820636862442687,E07000069,22UE,22UEFQ,88011,17186.0,53023.0,17802.0,88011,87385,626,0,88011.0,83943.0,527.0,29.0,378.0,67.0,327.0,203.0,2537.0,88011.0,56372.0,214.0,269.0,183.0,378.0,38.0,310.0,23967.0,6280.0,88011,4507,19.5
171,9.579410807692305,22UF,7.118981458201933,E07000070,22UF,22UFGE,168310,35722.0,106394.0,26194.0,168310,166182,2128,0,168310.0,151990.0,1450.0,614.0,1911.0,673.0,1420.0,429.0,9823.0,168310.0,104256.0,550.0,1213.0,330.0,2012.0,160.0,571.0,47403.0,11815.0,168310,33878,5
172,15.142896701923071,22UG,9.38513540169818,E07000071,22UG,22UGGE,173074,35781.0,111635.0,25658.0,173074,167080,5994,1,173074.0,151453.0,1155.0,1124.0,1426.0,366.0,1803.0,528.0,15219.0,173074.0,99879.0,982.0,1274.0,264.0,2762.0,182.0,789.0,54354.0,12588.0,173074,32908,5.3
173,14.38685521794872,22UH,7.849540344725378,E07000072,22UH,22UHGH,124659,26045.0,77375.0,21239.0,124659,123623,1036,0,124659.0,106233.0,1427.0,474.0,3041.0,933.0,1186.0,958.0,10407.0,124659.0,77053.0,416.0,1745.0,3972.0,2377.0,1253.0,432.0,28061.0,9350.0,124659,33899,3.7
174,24.07900055555556,22UJ,7.7978771122773765,E07000073,22UJ,22UJFS,81944,19079.0,51184.0,11681.0,81944,81551,393,0,81944.0,68715.0,875.0,951.0,1061.0,629.0,2256.0,542.0,6915.0,81944.0,45365.0,333.0,635.0,237.0,1745.0,79.0,339.0,27789.0,5422.0,81944,3054,26.8
175,12.731996073170734,22UK,5.77008575936224,E07000074,22UK,22UKFX,61629,12358.0,37762.0,11509.0,61629,61097,532,0,61629.0,59011.0,358.0,123.0,117.0,7.0,59.0,61.0,1893.0,61629.0,40046.0,152.0,60.0,99.0,171.0,28.0,199.0,16365.0,4509.0,61629,35877,1.7
176,9.524897981132078,22UL,6.238260236457642,E07000075,22UL,22ULGA,83287,17237.0,50389.0,15661.0,83287,82736,551,0,83287.0,79628.0,468.0,56.0,262.0,42.0,235.0,95.0,2501.0,83287.0,52787.0,165.0,226.0,255.0,296.0,12.0,280.0,23228.0,6038.0,83287,16950,4.9
177,24.477040811111117,22UN,14.084862478830377,E07000076,22UN,22UNGK,138048,25933.0,76933.0,35182.0,138048,135867,2181,1,138048.0,131666.0,998.0,398.0,323.0,34.0,239.0,134.0,4256.0,138048.0,88216.0,319.0,223.0,200.0,400.0,44.0,576.0,37477.0,10593.0,138048,33764,4.1
178,8.113514720930233,22UQ,3.7171671051129773,E07000077,22UQ,22UQGJ,79443,18332.0,48433.0,12678.0,79443,78295,1148,0,79443.0,73325.0,622.0,482.0,284.0,40.0,197.0,159.0,4334.0,79443.0,51158.0,381.0,191.0,227.0,429.0,49.0,284.0,20813.0,5911.0,79443,64118,1.2
179,15.52143676000001,23UB,12.830043285752794,E07000078,23UB,23UBFQ,115732,22598.0,74887.0,18247.0,115732,112148,3584,0,115732.0,102140.0,1058.0,1743.0,1584.0,179.0,527.0,124.0,8377.0,115732.0,67955.0,505.0,938.0,160.0,1087.0,147.0,514.0,35593.0,8833.0,115732,4661,24.8
180,11.017262725490195,23UC,5.098603895241505,E07000079,23UC,23UCGL,82881,15744.0,49668.0,17469.0,82881,81319,1562,1,82881.0,78284.0,503.0,328.0,218.0,16.0,136.0,47.0,3349.0,82881.0,56923.0,217.0,114.0,123.0,164.0,7.0,314.0,18979.0,6040.0,82881,116452,0.7
181,16.049039960000005,23UD,6.011210233300492,E07000080,23UD,23UDGF,81961,16423.0,49590.0,15948.0,81961,80040,1921,0,81961.0,79227.0,277.0,259.0,159.0,25.0,99.0,58.0,1857.0,81961.0,53912.0,200.0,57.0,46.0,94.0,57.0,441.0,20646.0,6508.0,81961,52651,1.6
182,20.719067364864863,23UE,14.39096803450498,E07000081,23UE,23UEFR,121688,27356.0,77320.0,17012.0,121688,119955,1733,0,121688.0,102912.0,850.0,1669.0,3204.0,639.0,1100.0,1880.0,9434.0,121688.0,75881.0,311.0,728.0,50.0,3885.0,134.0,499.0,31851.0,8349.0,121688,4054,30
183,11.54329992753623,23UF,5.927374076354955,E07000082,23UF,23UFGJ,112779,23583.0,68600.0,20596.0,112779,111503,1276,0,112779.0,107026.0,591.0,477.0,177.0,28.0,96.0,125.0,4259.0,112779.0,69921.0,366.0,122.0,107.0,238.0,40.0,888.0,31968.0,9129.0,112779,46065,2.4
184,10.801347062500001,23UG,7.434186334249593,E07000083,23UG,23UGGE,81943,16521.0,49895.0,15527.0,81943,81053,890,0,81943.0,77010.0,480.0,625.0,387.0,55.0,132.0,79.0,3175.0,81943.0,54552.0,173.0,263.0,53.0,273.0,64.0,284.0,20459.0,5822.0,81943,41442,2
185,10.98030307692308,24UB,8.164683568801966,E07000084,24UB,24UBJX,167799,37939.0,107369.0,22491.0,167799,166468,1331,5,167799.0,148078.0,1324.0,1757.0,2437.0,389.0,1259.0,470.0,12085.0,167799.0,100482.0,872.0,1994.0,172.0,1464.0,329.0,638.0,49770.0,12078.0,167799,63381,2.6
186,9.06014102777778,24UC,5.032693767417174,E07000085,24UC,24UCGJ,115608,24841.0,69875.0,20892.0,115608,113394,2214,0,115608.0,107568.0,656.0,579.0,481.0,31.0,396.0,81.0,5816.0,115608.0,74744.0,393.0,278.0,166.0,421.0,50.0,506.0,30380.0,8670.0,115608,51444,2.2
187,10.459316220779218,24UD,7.354643169706837,E07000086,24UD,24UDFT,125199,26922.0,78714.0,19563.0,125199,124266,933,1,125199.0,114873.0,602.0,585.0,1954.0,160.0,430.0,129.0,6466.0,125199.0,77485.0,356.0,820.0,92.0,975.0,854.0,498.0,35639.0,8480.0,125199,7978,15.7
188,8.0653122972973,24UE,5.807902679538933,E07000087,24UE,24UEFQ,111581,22302.0,67887.0,21392.0,111581,110125,1456,0,111581.0,105663.0,475.0,190.0,663.0,77.0,215.0,109.0,4189.0,111581.0,71158.0,274.0,299.0,63.0,538.0,79.0,508.0,30578.0,8084.0,111581,7423,15
189,18.234963884615386,24UF,10.737100982150682,E07000088,24UF,24UFFL,82622,18281.0,51112.0,13229.0,82622,81766,856,0,82622.0,78001.0,313.0,354.0,428.0,31.0,321.0,183.0,2991.0,82622.0,48616.0,198.0,189.0,37.0,452.0,38.0,427.0,27114.0,5551.0,82622,2532,32.6
190,4.701205575471699,24UG,3.158586263661119,E07000089,24UG,24UGFS,91033,20660.0,56334.0,14039.0,91033,89369,1664,0,91033.0,82534.0,642.0,310.0,880.0,141.0,266.0,178.0,6082.0,91033.0,58817.0,466.0,720.0,101.0,509.0,199.0,292.0,23504.0,6425.0,91033,21527,4.2
191,23.64271014102564,24UH,14.401860334002064,E07000090,24UH,24UHFQ,120684,25022.0,71740.0,23922.0,120684,119422,1262,0,120684.0,114919.0,532.0,184.0,504.0,72.0,252.0,55.0,4166.0,120684.0,71475.0,267.0,233.0,81.0,570.0,60.0,563.0,38925.0,8510.0,120684,5537,21.8
192,11.184100315789475,24UJ,6.761354527783387,E07000091,24UJ,24UJGL,176462,32936.0,101770.0,41756.0,176462,173491,2971,0,176462.0,167445.0,829.0,551.0,472.0,34.0,328.0,141.0,6662.0,176462.0,115021.0,429.0,217.0,220.0,485.0,79.0,911.0,45374.0,13726.0,176462,75313,2.3
193,12.533203620338984,24UL,9.319404746444127,E07000092,24UL,24ULFR,93807,21485.0,61604.0,10718.0,93807,91890,1917,3,93807.0,75511.0,718.0,576.0,1310.0,635.0,1115.0,538.0,13404.0,93807.0,54206.0,3092.0,3222.0,65.0,1356.0,183.0,367.0,24773.0,6543.0,93807,3904,24
194,10.20519932857143,24UN,7.088129542032682,E07000093,24UN,24UNGA,116398,25035.0,71355.0,20008.0,116398,114478,1920,0,116398.0,107743.0,537.0,527.0,937.0,141.0,258.0,149.0,6106.0,116398.0,76446.0,333.0,496.0,114.0,671.0,395.0,496.0,29195.0,8252.0,116398,62758,1.9
195,8.377390681159422,24UP,5.828089156195135,E07000094,24UP,24UPGK,116595,24738.0,71415.0,20442.0,116595,111542,5053,1,116595.0,107070.0,733.0,434.0,665.0,92.0,250.0,147.0,7204.0,116595.0,73729.0,566.0,460.0,175.0,558.0,123.0,488.0,31808.0,8688.0,116595,66097,1.8
196,14.616625964285713,26UB,8.231327844808126,E07000095,26UB,26UBFQ,93609,21218.0,58008.0,14383.0,93609,93267,342,0,93609.0,75656.0,1308.0,1075.0,799.0,145.0,2246.0,1307.0,11073.0,93609.0,60856.0,277.0,710.0,316.0,2287.0,90.0,272.0,22293.0,6508.0,93609,5144,18.2
197,10.787340862365589,26UC,7.397640857683324,E07000096,26UC,26UCHK,144847,32666.0,90647.0,21534.0,144847,142845,2002,0,144847.0,124537.0,1821.0,739.0,2347.0,2007.0,1982.0,740.0,10674.0,144847.0,84228.0,622.0,1905.0,678.0,3116.0,174.0,572.0,42758.0,10794.0,144847,21248,6.8
198,7.908077011764705,26UD,5.195587523776649,E07000097,26UD,26UDGH,137687,31535.0,86163.0,19989.0,137687,135762,1925,0,137687.0,124266.0,1566.0,853.0,999.0,213.0,590.0,300.0,8900.0,137687.0,86393.0,435.0,616.0,454.0,989.0,161.0,440.0,38205.0,9994.0,137687,47569,2.9
199,13.816559048387097,26UE,7.912546253982214,E07000098,26UE,26UEFX,100031,22911.0,61752.0,15368.0,100031,98478,1553,1,100031.0,75750.0,2130.0,780.0,3723.0,454.0,2990.0,558.0,13646.0,100031.0,51724.0,591.0,3172.0,14293.0,2402.0,164.0,692.0,19176.0,7817.0,100031,10116,9.9
200,10.811291278481017,26UF,7.441583059515265,E07000099,26UF,26UFHF,127114,27943.0,78655.0,20516.0,127114,125817,1297,1,127114.0,107889.0,1398.0,651.0,3464.0,424.0,859.0,1344.0,11085.0,127114.0,72415.0,617.0,1246.0,270.0,1453.0,2447.0,599.0,38661.0,9406.0,127114,37538,3.4
201,7.7875589883720915,26UG,6.158879493777611,E07000100,26UG,26UGFX,140664,33715.0,86483.0,20466.0,140664,139058,1606,0,140664.0,114145.0,2514.0,887.0,2210.0,1149.0,1203.0,911.0,17645.0,140664.0,83988.0,615.0,1777.0,1664.0,5167.0,303.0,435.0,36278.0,10437.0,140664,16118,8.7
202,16.855662826923073,26UH,6.7999047404172,E07000101,26UH,26UHFQ,83957,19390.0,53390.0,11177.0,83957,83405,552,0,83957.0,69781.0,1002.0,680.0,1626.0,489.0,1915.0,678.0,7786.0,83957.0,45705.0,442.0,996.0,147.0,1654.0,303.0,460.0,28606.0,5644.0,83957,2596,32.3
203,9.693402020754716,26UJ,8.148021423703863,E07000102,26UJ,26UJFX,87317,19831.0,53645.0,13841.0,87317,86324,993,0,87317.0,69550.0,1747.0,409.0,5231.0,605.0,864.0,598.0,8313.0,87317.0,52330.0,345.0,3963.0,1611.0,1947.0,464.0,590.0,19933.0,6134.0,87317,8881,9.8
204,15.314082660377357,26UK,8.00128807605399,E07000103,26UK,26UKFN,90301,20753.0,59071.0,10477.0,90301,89565,736,0,90301.0,55875.0,2063.0,1713.0,4923.0,6082.0,3142.0,1558.0,14945.0,90301.0,48891.0,659.0,4348.0,1023.0,8905.0,566.0,489.0,19330.0,6090.0,90301,2142,42.1
205,12.512010703125,26UL,7.012011608876319,E07000104,26UL,26ULHC,110535,22869.0,71583.0,16083.0,110535,106830,3705,0,110535.0,84557.0,1711.0,1790.0,3526.0,734.0,3931.0,719.0,13567.0,110535.0,63599.0,899.0,2775.0,889.0,2810.0,376.0,523.0,30806.0,7858.0,110535,12955,8.5
206,15.821005000000001,29UB,8.609912299062634,E07000105,29UB,29UBGZ,117956,27709.0,71544.0,18703.0,117956,116993,963,0,117956.0,105498.0,753.0,856.0,958.0,161.0,948.0,327.0,8455.0,117956.0,74253.0,803.0,1282.0,116.0,1019.0,95.0,432.0,30984.0,8972.0,117956,58062,2
207,17.56907063333333,29UC,9.35895707810325,E07000106,29UC,29UCGC,151145,28830.0,95586.0,26729.0,151145,142562,8583,1,151145.0,132269.0,1260.0,499.0,1448.0,306.0,1338.0,437.0,13588.0,151145.0,91122.0,880.0,1055.0,267.0,1838.0,245.0,760.0,43117.0,11861.0,151145,30885,4.9
208,16.535211500000003,29UD,8.96592661943149,E07000107,29UD,29UDGA,97365,22484.0,61729.0,13152.0,97365,96376,989,0,97365.0,80466.0,767.0,916.0,2670.0,179.0,2814.0,497.0,9056.0,97365.0,59045.0,382.0,1547.0,86.0,1566.0,1543.0,319.0,26486.0,6391.0,97365,7277,13.4
209,20.77876807462687,29UE,10.624178913936317,E07000108,29UE,29UEGJ,111674,23251.0,67315.0,21108.0,111674,109462,2212,1,111674.0,103848.0,572.0,389.0,397.0,40.0,265.0,85.0,6078.0,111674.0,71541.0,523.0,682.0,97.0,521.0,50.0,525.0,29047.0,8688.0,111674,31485,3.5
210,19.234292920634918,29UG,11.610195906419436,E07000109,29UG,29UGFW,101720,23698.0,62723.0,15299.0,101720,100976,744,1,101720.0,78422.0,791.0,1125.0,7538.0,550.0,2226.0,456.0,10612.0,101720.0,61891.0,333.0,942.0,54.0,1894.0,7743.0,606.0,21862.0,6395.0,101720,9902,10.3
211,13.875480880434779,29UH,10.749671390538055,E07000110,29UH,29UHGF,155143,33684.0,96656.0,24803.0,155143,152445,2698,0,155143.0,138235.0,955.0,1320.0,1226.0,340.0,867.0,356.0,11844.0,155143.0,97578.0,901.0,1492.0,163.0,1685.0,176.0,612.0,41493.0,11043.0,155143,39333,3.9
212,10.51875056756757,29UK,7.136373065649269,E07000111,29UK,29UKGK,114893,25592.0,69036.0,20265.0,114893,113622,1271,0,114893.0,104538.0,950.0,428.0,712.0,106.0,569.0,204.0,7386.0,114893.0,75169.0,367.0,385.0,196.0,600.0,180.0,348.0,28939.0,8709.0,114893,36920,3.1
213,23.780994092307704,29UL,12.284716572521114,E07000112,29UL,29ULGC,107969,22005.0,64890.0,21074.0,107969,106151,1818,0,107969.0,98029.0,745.0,363.0,413.0,93.0,277.0,130.0,7919.0,107969.0,67296.0,962.0,1551.0,78.0,796.0,34.0,506.0,28575.0,8171.0,107969,35670,3
214,23.783194780487808,29UM,14.38763743438119,E07000113,29UM,29UMGC,135835,30960.0,83772.0,21103.0,135835,133380,2455,1,135835.0,126130.0,780.0,839.0,545.0,107.0,993.0,277.0,6164.0,135835.0,85535.0,275.0,368.0,93.0,792.0,158.0,499.0,39087.0,9028.0,135835,37339,3.6
215,28.575408750000005,29UN,17.156454566425005,E07000114,29UN,29UNGE,134186,29103.0,78308.0,26775.0,134186,131755,2431,0,134186.0,121346.0,1026.0,1043.0,738.0,184.0,585.0,239.0,9025.0,134186.0,82447.0,491.0,639.0,273.0,1230.0,94.0,690.0,38383.0,9939.0,134186,10334,13
216,11.102564371428574,29UP,6.878409446662084,E07000115,29UP,29UPHJ,120805,28628.0,72935.0,19242.0,120805,119401,1404,0,120805.0,111662.0,760.0,344.0,755.0,165.0,222.0,143.0,6754.0,120805.0,76920.0,441.0,539.0,122.0,750.0,169.0,412.0,32996.0,8456.0,120805,24014,5
217,11.976324882352946,29UQ,6.773747087412939,E07000116,29UQ,29UQGB,115049,26869.0,70245.0,17935.0,115049,112622,2427,0,115049.0,103115.0,880.0,880.0,736.0,175.0,419.0,142.0,8702.0,115049.0,72403.0,444.0,461.0,232.0,1241.0,58.0,436.0,30622.0,9152.0,115049,33133,3.5
218,37.606870616666676,30UD,21.527327688351097,E07000117,30UD,30UDGQ,87059,19365.0,54418.0,13276.0,87059,86117,942,0,87059.0,74464.0,527.0,280.0,321.0,5924.0,76.0,120.0,5347.0,87059.0,55399.0,192.0,175.0,14.0,8580.0,33.0,236.0,17178.0,5252.0,87059,11070,7.9
219,18.000537772727277,30UE,12.895997907952285,E07000118,30UE,30UEFZ,107155,22181.0,68231.0,16743.0,107155,104277,2878,1,107155.0,101892.0,567.0,413.0,612.0,525.0,115.0,240.0,2791.0,107155.0,80732.0,275.0,196.0,45.0,1130.0,18.0,337.0,18418.0,6004.0,107155,20280,5.3
220,13.04507056862745,30UF,8.27041464153884,E07000119,30UF,30UFFZ,75757,13743.0,44739.0,17275.0,75757,74035,1722,0,75757.0,72021.0,488.0,262.0,297.0,118.0,63.0,54.0,2454.0,75757.0,55843.0,196.0,175.0,322.0,350.0,39.0,228.0,13870.0,4734.0,75757,16569,4.6
221,30.90598039622641,30UG,17.656498263650853,E07000120,30UG,30UGFT,80734,18812.0,49958.0,11964.0,80734,80088,646,0,80734.0,68834.0,436.0,751.0,279.0,7548.0,52.0,45.0,2789.0,80734.0,53602.0,162.0,70.0,7.0,8336.0,38.0,249.0,13700.0,4570.0,80734,7299,11.1
222,22.066905134831455,30UH,15.188402517045336,E07000121,30UH,30UHGG,138375,26230.0,88288.0,23857.0,138375,129433,8942,3,138375.0,126624.0,840.0,1610.0,1212.0,413.0,472.0,109.0,7095.0,138375.0,91124.0,540.0,446.0,119.0,1767.0,100.0,658.0,33833.0,9788.0,138375,57586,2.4
223,30.607190315789477,30UJ,18.213134574791518,E07000122,30UJ,30UJFW,89452,20514.0,55480.0,13458.0,89452,88846,606,0,89452.0,69074.0,462.0,683.0,236.0,15320.0,67.0,51.0,3559.0,89452.0,48043.0,224.0,91.0,36.0,15579.0,9.0,334.0,19573.0,5563.0,89452,16936,5.3
224,28.94797329761904,30UK,18.538432729810594,E07000123,30UK,30UKFW,140202,30114.0,91946.0,18142.0,140202,134392,5810,2,140202.0,106242.0,1178.0,2373.0,14421.0,4425.0,661.0,865.0,10037.0,140202.0,85518.0,385.0,3338.0,60.0,15769.0,930.0,428.0,25754.0,8020.0,140202,14229,9.9
225,9.682116274999998,30UL,4.567858980467971,E07000124,30UL,30ULGB,57132,12132.0,34220.0,10780.0,57132,55951,1181,0,57132.0,54757.0,332.0,196.0,204.0,295.0,65.0,12.0,1271.0,57132.0,44627.0,88.0,99.0,10.0,425.0,41.0,139.0,8299.0,3404.0,57132,58316,1
226,24.357213227272723,30UM,11.799067469123973,E07000125,30UM,30UMFP,67982,15020.0,43137.0,9825.0,67982,67262,720,0,67982.0,62516.0,541.0,125.0,186.0,1139.0,49.0,63.0,3363.0,67982.0,43392.0,163.0,96.0,67.0,2613.0,9.0,231.0,17095.0,4316.0,67982,13805,4.9
227,15.13254855072463,30UN,9.729252082417888,E07000126,30UN,30UNFZ,109057,22622.0,68211.0,18224.0,109057,108225,832,0,109057.0,103890.0,680.0,407.0,798.0,241.0,78.0,149.0,2814.0,109057.0,82547.0,206.0,556.0,48.0,592.0,75.0,284.0,18487.0,6262.0,109057,11296,9.7
228,20.334795931506854,30UP,15.35221641761413,E07000127,30UP,30UPGD,110685,22785.0,68345.0,19555.0,110685,108689,1996,1,110685.0,105775.0,584.0,555.0,411.0,85.0,115.0,48.0,3112.0,110685.0,84337.0,141.0,229.0,62.0,276.0,87.0,216.0,19029.0,6308.0,110685,34679,3.2
229,17.92320084057972,30UQ,13.656220255624834,E07000128,30UQ,30UQGE,107749,20051.0,62546.0,25152.0,107749,105962,1787,0,107749.0,104251.0,490.0,148.0,235.0,70.0,78.0,33.0,2444.0,107749.0,80346.0,220.0,161.0,69.0,305.0,25.0,342.0,19210.0,7071.0,107749,28255,3.8
230,9.67879145,31UB,4.536808362222425,E07000129,31UB,31UBFY,93915,20043.0,57996.0,15876.0,93915,92894,1021,0,93915.0,83161.0,545.0,450.0,4399.0,281.0,371.0,398.0,4310.0,93915.0,54594.0,177.0,2550.0,61.0,728.0,1849.0,337.0,27367.0,6252.0,93915,13047,7.2
231,13.28133221,31UC,9.370872817289204,E07000130,31UC,31UCGG,166100,32431.0,108111.0,25558.0,166100,158719,7381,0,166100.0,139978.0,989.0,965.0,10225.0,428.0,875.0,339.0,12301.0,166100.0,92233.0,559.0,8344.0,125.0,3925.0,1241.0,620.0,48525.0,10528.0,166100,27906,6
232,7.67358734042553,31UD,4.7156540464279715,E07000131,31UD,31UDGD,85382,18649.0,52158.0,14575.0,85382,84008,1374,0,85382.0,79242.0,486.0,241.0,1849.0,132.0,179.0,111.0,3142.0,85382.0,55899.0,171.0,1088.0,112.0,423.0,630.0,199.0,20995.0,5865.0,85382,59178,1.4
233,11.933353090909087,31UE,7.180589002567566,E07000132,31UE,31UEFU,105078,21178.0,65831.0,18069.0,105078,104275,803,0,105078.0,99440.0,451.0,305.0,1390.0,158.0,133.0,110.0,3091.0,105078.0,67559.0,215.0,871.0,46.0,517.0,427.0,381.0,28247.0,6815.0,105078,29735,3.5
234,12.3665219,31UG,6.657010986859451,E07000133,31UG,31UGFT,50376,10414.0,31283.0,8679.0,50376,49916,460,0,50376.0,47861.0,264.0,554.0,277.0,4.0,39.0,38.0,1339.0,50376.0,34239.0,110.0,211.0,11.0,41.0,46.0,171.0,12269.0,3278.0,50376,48138,1
235,15.432153350877192,31UH,8.864191785870297,E07000134,31UH,31UHFZ,93468,19988.0,58394.0,15086.0,93468,92697,771,0,93468.0,89116.0,406.0,555.0,520.0,16.0,91.0,78.0,2686.0,93468.0,60641.0,182.0,332.0,37.0,206.0,121.0,395.0,25713.0,5841.0,93468,27933,3.3
236,11.188842416666663,31UJ,7.426570255126824,E07000135,31UJ,31UJFL,56170,11381.0,34444.0,10345.0,56170,53765,2405,0,56170.0,39634.0,387.0,207.0,9938.0,1080.0,302.0,305.0,4317.0,56170.0,27198.0,132.0,5112.0,136.0,3256.0,3664.0,278.0,13007.0,3387.0,56170,2352,23.9
237,23.86404883333333,32UB,10.310414513450363,E07000136,32UB,32UBFT,64637,12855.0,39833.0,11949.0,64637,63736,901,1,64637.0,54221.0,208.0,2476.0,374.0,148.0,174.0,57.0,6979.0,64637.0,45941.0,126.0,191.0,30.0,434.0,47.0,197.0,13143.0,4528.0,64637,36154,1.8
238,25.019447887499993,32UC,11.868050781744165,E07000137,32UC,32UCHC,136401,24153.0,79193.0,33055.0,136401,133400,3001,1,136401.0,131717.0,490.0,628.0,231.0,63.0,160.0,75.0,3037.0,136401.0,93691.0,226.0,126.0,84.0,366.0,49.0,565.0,31196.0,10098.0,136401,176026,0.8
239,27.421702789473684,32UD,16.077821285774483,E07000138,32UD,32UDFZ,93541,17408.0,63616.0,12517.0,93541,87880,5661,0,93541.0,83653.0,719.0,1960.0,522.0,139.0,504.0,165.0,5879.0,93541.0,54265.0,303.0,335.0,63.0,902.0,73.0,478.0,30456.0,6666.0,93541,3569,26.2
240,10.762479666666662,32UE,6.035039668435155,E07000139,32UE,32UEHQ,107766,21750.0,64874.0,21142.0,107766,105980,1786,0,107766.0,103343.0,512.0,410.0,217.0,29.0,108.0,101.0,3046.0,107766.0,75495.0,153.0,168.0,61.0,250.0,53.0,368.0,23583.0,7635.0,107766,92244,1.2
241,16.963963083333336,32UF,5.879347856430192,E07000140,32UF,32UFGZ,88270,16996.0,52696.0,18578.0,88270,87409,861,0,88270.0,79569.0,282.0,2408.0,251.0,48.0,137.0,72.0,5503.0,88270.0,63861.0,119.0,100.0,69.0,258.0,69.0,260.0,17146.0,6388.0,88270,74238,1.2
242,12.784854544303801,32UG,9.461631233705425,E07000141,32UG,32UGGM,133788,28212.0,81696.0,23880.0,133788,132493,1295,0,133788.0,125261.0,656.0,1175.0,509.0,93.0,330.0,117.0,5647.0,133788.0,93192.0,277.0,394.0,101.0,358.0,74.0,434.0,29665.0,9293.0,133788,94259,1.4
243,17.944144679245294,32UH,12.722407574475858,E07000142,32UH,32UHGD,89250,17912.0,53940.0,17398.0,89250,87850,1400,3,89250.0,85977.0,411.0,162.0,370.0,64.0,127.0,74.0,2065.0,89250.0,62739.0,141.0,172.0,31.0,212.0,88.0,303.0,19439.0,6125.0,89250,115572,0.8
244,15.874378064102565,33UB,7.2904528260460575,E07000143,33UB,33UBGU,130491,26139.0,77915.0,26437.0,130491,127632,2859,2,130491.0,119033.0,593.0,1704.0,295.0,81.0,211.0,225.0,8349.0,130491.0,83252.0,277.0,139.0,141.0,409.0,63.0,603.0,35977.0,9630.0,130491,130512,1
245,10.434581297619049,33UC,4.3320249848684815,E07000144,33UC,33UCGN,124646,24053.0,74435.0,26158.0,124646,122931,1715,0,124646.0,119582.0,406.0,192.0,405.0,45.0,228.0,63.0,3725.0,124646.0,78938.0,342.0,252.0,117.0,377.0,72.0,508.0,34845.0,9195.0,124646,55240,2.3
246,27.554505606557374,33UD,16.44060794216688,E07000145,33UD,33UDFY,97277,20004.0,58134.0,19139.0,97277,96230,1047,0,97277.0,90280.0,390.0,462.0,446.0,116.0,285.0,86.0,5212.0,97277.0,59383.0,237.0,255.0,108.0,518.0,6.0,328.0,29430.0,7012.0,97277,17419,5.6
247,21.120239045977012,33UE,11.806702203316044,E07000146,33UE,33UEGT,147451,28335.0,87274.0,31842.0,147451,145253,2198,0,147451.0,135955.0,605.0,718.0,668.0,134.0,319.0,118.0,8934.0,147451.0,97868.0,417.0,346.0,127.0,544.0,82.0,565.0,36533.0,10969.0,147451,142879,1
248,19.358424516129038,33UF,5.614196017828678,E07000147,33UF,33UFGP,101499,16874.0,57088.0,27537.0,101499,99023,2476,0,101499.0,98001.0,354.0,326.0,112.0,5.0,67.0,73.0,2561.0,101499.0,66973.0,286.0,51.0,123.0,158.0,21.0,550.0,25586.0,7751.0,101499,96333,1.1
249,25.95569994936709,33UG,13.510930180122857,E07000148,33UG,33UGFS,132512,24205.0,90062.0,18245.0,132512,127754,4758,1,132512.0,112237.0,874.0,1338.0,1684.0,255.0,1727.0,272.0,14125.0,132512.0,59515.0,978.0,1017.0,241.0,2612.0,168.0,886.0,56268.0,10827.0,132512,3903,34
250,11.341859075949372,33UH,4.973574579526103,E07000149,33UH,33UHGU,124012,25497.0,73595.0,24920.0,124012,122219,1793,0,124012.0,117998.0,455.0,444.0,433.0,64.0,259.0,68.0,4291.0,124012.0,77234.0,364.0,235.0,126.0,403.0,49.0,493.0,35601.0,9507.0,124012,90771,1.4
251,29.133610459459458,34UB,13.412201577823168,E07000150,34UB,34UBGD,61255,14196.0,39270.0,7789.0,61255,60990,265,0,61255.0,52069.0,855.0,1961.0,348.0,34.0,778.0,130.0,5080.0,61255.0,36111.0,126.0,190.0,44.0,382.0,125.0,150.0,20376.0,3751.0,61255,8028,7.6
252,11.990863866666668,34UC,7.820826894558611,E07000151,34UC,34UCGD,77843,16932.0,48698.0,12213.0,77843,75886,1957,1,77843.0,72448.0,509.0,700.0,551.0,172.0,213.0,211.0,3039.0,77843.0,50346.0,291.0,293.0,71.0,439.0,153.0,271.0,20701.0,5278.0,77843,66259,1.2
253,13.855583729166668,34UD,8.753856127745674,E07000152,34UD,34UDGT,86765,19701.0,53491.0,13573.0,86765,84910,1855,0,86765.0,81083.0,583.0,444.0,530.0,62.0,352.0,204.0,3507.0,86765.0,53187.0,186.0,277.0,83.0,232.0,114.0,361.0,26354.0,5971.0,86765,50979,1.7
254,16.92564943396227,34UE,12.504824565522608,E07000153,34UE,34UEGZ,93475,20969.0,58541.0,13965.0,93475,92521,954,1,93475.0,83450.0,641.0,1092.0,1818.0,149.0,682.0,208.0,5435.0,93475.0,55196.0,263.0,759.0,66.0,723.0,977.0,417.0,28768.0,6306.0,93475,23349,4
255,21.709288891472866,34UF,13.837367293465636,E07000154,34UF,34UFGY,212069,48181.0,137432.0,26456.0,212069,208463,3606,0,212069.0,162353.0,2911.0,5103.0,5328.0,1536.0,6473.0,2946.0,25419.0,212069.0,119937.0,924.0,3393.0,273.0,8806.0,1063.0,1037.0,62404.0,14232.0,212069,8076,26.3
256,7.243689812500002,34UG,3.787172535242723,E07000155,34UG,34UGHT,85189,18741.0,53039.0,13409.0,85189,84497,692,0,85189.0,80123.0,591.0,166.0,592.0,81.0,151.0,141.0,3344.0,85189.0,56017.0,183.0,357.0,100.0,290.0,175.0,245.0,21758.0,6064.0,85189,63402,1.3
257,20.88711402127659,34UH,13.303023697150264,E07000156,34UH,34UHFR,75356,16884.0,46996.0,11476.0,75356,74583,773,1,75356.0,61229.0,614.0,1939.0,3097.0,278.0,903.0,1414.0,5882.0,75356.0,43471.0,221.0,2745.0,42.0,1232.0,158.0,401.0,22018.0,5068.0,75356,16304,4.6
258,12.539283156249999,36UB,7.211694292310871,E07000163,36UB,36UBGB,55409,10642.0,32943.0,11824.0,55409,54375,1034,2,55409.0,52842.0,215.0,252.0,156.0,474.0,48.0,8.0,1414.0,55409.0,37301.0,134.0,65.0,16.0,506.0,34.0,187.0,12935.0,4231.0,55409,117739,0.5
259,11.11896531372549,36UC,6.533067865686795,E07000164,36UC,36UCGM,89140,17224.0,53834.0,18082.0,89140,87321,1819,0,89140.0,85867.0,306.0,349.0,220.0,84.0,98.0,44.0,2172.0,89140.0,64692.0,135.0,93.0,45.0,234.0,5.0,223.0,17652.0,6061.0,89140,131117,0.7
260,10.299218278846155,36UD,6.889085804204456,E07000165,36UD,36UDGL,157869,32965.0,95802.0,29102.0,157869,153821,4048,1,157869.0,144717.0,771.0,1267.0,587.0,118.0,624.0,148.0,9637.0,157869.0,108289.0,414.0,236.0,334.0,573.0,82.0,533.0,36227.0,11181.0,157869,130794,1.2
261,11.71425553125,36UE,5.576215450202368,E07000166,36UE,36UEGD,51965,10472.0,33043.0,8450.0,51965,47344,4621,1,51965.0,48516.0,200.0,181.0,75.0,27.0,245.0,80.0,2641.0,51965.0,36057.0,373.0,513.0,26.0,130.0,7.0,158.0,11120.0,3581.0,51965,131867,0.4
262,13.8405717,36UF,4.658494876918921,E07000167,36UF,36UFGF,51751,10010.0,30405.0,11336.0,51751,50611,1140,0,51751.0,49802.0,262.0,214.0,35.0,5.0,67.0,8.0,1358.0,51751.0,37172.0,125.0,20.0,15.0,57.0,5.0,180.0,10354.0,3823.0,51751,150659,0.3
263,24.811986746478883,36UG,14.699746895256169,E07000168,36UG,36UGFZ,108793,19930.0,65052.0,23811.0,108793,106427,2366,2,108793.0,103625.0,301.0,754.0,383.0,169.0,176.0,51.0,3334.0,108793.0,72544.0,295.0,167.0,67.0,551.0,8.0,402.0,26665.0,8094.0,108793,81654,1.3
264,12.846433800000002,36UH,8.591453863384094,E07000169,36UH,36UHGN,83449,17481.0,52889.0,13079.0,83449,82725,724,0,83449.0,79686.0,326.0,907.0,175.0,17.0,170.0,33.0,2135.0,83449.0,59182.0,133.0,87.0,60.0,95.0,51.0,206.0,18070.0,5565.0,83449,59931,1.4
265,26.43739787837838,37UB,12.734780257737956,E07000170,37UB,37UBFR,119497,25773.0,74813.0,18911.0,119497,118213,1284,1,119497.0,114744.0,348.0,657.0,396.0,97.0,195.0,209.0,2851.0,119497.0,69496.0,211.0,218.0,16.0,375.0,178.0,430.0,40414.0,8159.0,119497,10956,10.9
266,25.51743517142857,37UC,15.093131964092613,E07000171,37UC,37UCGE,112863,23233.0,70016.0,19614.0,112863,109979,2884,0,112863.0,106663.0,381.0,1509.0,440.0,287.0,221.0,239.0,3123.0,112863.0,79935.0,189.0,248.0,48.0,701.0,119.0,361.0,23558.0,7704.0,112863,63787,1.8
267,14.028973397260275,37UD,8.365783156872416,E07000172,37UD,37UDFY,109487,21259.0,69356.0,18872.0,109487,108570,917,0,109487.0,98001.0,615.0,410.0,1754.0,775.0,448.0,405.0,7079.0,109487.0,61975.0,413.0,842.0,143.0,1636.0,921.0,416.0,35217.0,7924.0,109487,8010,13.7
268,15.424654363636364,37UE,9.260696893839489,E07000173,37UE,37UEGB,113543,23249.0,70483.0,19811.0,113543,112759,784,0,113543.0,102551.0,891.0,591.0,1366.0,962.0,370.0,1118.0,5694.0,113543.0,64830.0,308.0,531.0,92.0,1535.0,724.0,381.0,37123.0,8019.0,113543,11998,9.5
269,31.05996406060607,37UF,16.517301951491415,E07000174,37UF,37UFGX,104466,21723.0,65954.0,16789.0,104466,103487,979,1,104466.0,97408.0,447.0,1862.0,521.0,132.0,152.0,192.0,3752.0,104466.0,64399.0,193.0,271.0,34.0,563.0,165.0,333.0,31472.0,7036.0,104466,7672,13.6
270,19.33220998550724,37UG,12.414073980684211,E07000175,37UG,37UGHL,114817,23772.0,70674.0,20371.0,114817,112526,2291,0,114817.0,108208.0,641.0,1088.0,366.0,145.0,166.0,270.0,3933.0,114817.0,75869.0,226.0,194.0,62.0,456.0,123.0,369.0,29435.0,8083.0,114817,65132,1.8
271,7.765361455882353,37UJ,4.9849801562194775,E07000176,37UJ,37UJGG,111129,23294.0,68695.0,19140.0,111129,108804,2325,1,111129.0,100363.0,810.0,340.0,2361.0,1072.0,202.0,349.0,5632.0,111129.0,65490.0,320.0,1176.0,322.0,1697.0,902.0,399.0,32919.0,7904.0,111129,40924,2.7
272,13.037163615384612,38UB,9.107166464220269,E07000177,38UB,38UBGJ,141868,31987.0,89435.0,20446.0,141868,138916,2952,1,141868.0,122491.0,1104.0,2123.0,1681.0,2382.0,1040.0,600.0,10447.0,141868.0,90564.0,563.0,575.0,164.0,3196.0,438.0,563.0,36066.0,9739.0,141868,58877,2.4
273,21.02629162352942,38UC,10.296833776471601,E07000178,38UC,38UCFT,151906,28381.0,107800.0,15725.0,151906,133241,18665,2,151906.0,96633.0,2431.0,2414.0,4449.0,4825.0,4456.0,1874.0,34824.0,151906.0,72924.0,1431.0,2044.0,1072.0,10320.0,434.0,796.0,50274.0,12611.0,151906,4560,33.3
274,8.436486337078655,38UD,5.232188199475898,E07000179,38UD,38UDGK,134257,29287.0,82148.0,22822.0,134257,131483,2774,0,134257.0,122083.0,1092.0,973.0,814.0,194.0,445.0,241.0,8415.0,134257.0,85292.0,467.0,472.0,281.0,710.0,106.0,505.0,36398.0,10026.0,134257,67853,2
275,8.468431133333333,38UE,5.252639054224088,E07000180,38UE,38UEGJ,120988,26309.0,74180.0,20499.0,120988,118044,2944,0,120988.0,108599.0,956.0,608.0,842.0,350.0,828.0,246.0,8559.0,120988.0,76589.0,462.0,566.0,196.0,1073.0,177.0,433.0,32505.0,8987.0,120988,57762,2.1
276,7.955899328125001,38UF,4.487766406776087,E07000181,38UF,38UFGL,104779,21997.0,64711.0,18071.0,104779,102415,2364,0,104779.0,96995.0,708.0,718.0,354.0,95.0,270.0,109.0,5530.0,104779.0,68537.0,334.0,221.0,180.0,435.0,37.0,419.0,27101.0,7515.0,104779,71440,1.5
277,15.89239586567164,40UB,6.931361584163512,E07000187,40UB,40UBHZ,109279,23847.0,65453.0,19979.0,109279,106031,3248,1,109279.0,102987.0,596.0,758.0,227.0,21.0,124.0,57.0,4509.0,109279.0,67683.0,510.0,113.0,81.0,270.0,14.0,1224.0,29913.0,9471.0,109279,73944,1.5
278,19.009480058823534,40UC,11.014876132646569,E07000188,40UC,40UCHL,114588,23721.0,68818.0,22049.0,114588,113056,1532,0,114588.0,109199.0,459.0,961.0,144.0,34.0,76.0,54.0,3661.0,114588.0,74069.0,256.0,74.0,45.0,341.0,48.0,577.0,30399.0,8779.0,114588,56436,2
279,14.508475009708736,40UD,7.395832709187915,E07000189,40UD,40UDJP,161243,32623.0,95800.0,32820.0,161243,157903,3340,0,161243.0,153123.0,550.0,1593.0,342.0,87.0,207.0,111.0,5230.0,161243.0,106336.0,376.0,135.0,124.0,417.0,15.0,808.0,40637.0,12395.0,161243,95904,1.7
280,16.61846843939394,40UE,10.370183422530479,E07000190,40UE,40UEHM,110187,23195.0,66228.0,20764.0,110187,106852,3335,0,110187.0,103020.0,499.0,1194.0,324.0,59.0,190.0,62.0,4839.0,110187.0,68419.0,357.0,179.0,69.0,399.0,14.0,557.0,31436.0,8757.0,110187,46236,2.4
281,24.580196956521732,40UF,5.335376269872864,E07000191,40UF,40UFGQ,34675,5572.0,19603.0,9500.0,34675,33282,1393,0,34675.0,33229.0,153.0,258.0,32.0,2.0,10.0,7.0,984.0,34675.0,22704.0,113.0,5.0,18.0,43.0,9.0,195.0,8686.0,2902.0,34675,72535,0.5
282,21.027823533333333,41UB,10.758149592123102,E07000192,41UB,41UBFR,97462,21008.0,61871.0,14583.0,97462,96791,671,0,97462.0,94042.0,350.0,243.0,406.0,110.0,98.0,147.0,2066.0,97462.0,67392.0,166.0,128.0,9.0,219.0,274.0,283.0,23066.0,5925.0,97462,7888,12.4
283,18.74353182857143,41UC,13.208168267606322,E07000193,41UC,41UCGC,113583,24824.0,70760.0,17999.0,113583,111488,2095,0,113583.0,97854.0,542.0,1969.0,916.0,5598.0,333.0,500.0,5871.0,113583.0,72890.0,284.0,318.0,42.0,6815.0,336.0,368.0,25037.0,7493.0,113583,38696,2.9
284,12.855557122807019,41UD,8.151318361617268,E07000194,41UD,41UDGE,100654,20104.0,61682.0,18868.0,100654,98893,1761,1,100654.0,95263.0,598.0,394.0,877.0,157.0,113.0,298.0,2954.0,100654.0,69276.0,196.0,303.0,69.0,448.0,540.0,307.0,23113.0,6402.0,100654,33130,3
285,19.321126679012348,41UE,11.918400530681726,E07000195,41UE,41UEGA,123871,23972.0,78707.0,21192.0,123871,119708,4163,4,123871.0,115510.0,364.0,466.0,937.0,485.0,515.0,236.0,5358.0,123871.0,81353.0,455.0,519.0,71.0,1393.0,215.0,410.0,31124.0,8331.0,123871,21096,5.9
286,12.010048720588234,41UF,6.6011494847131305,E07000196,41UF,41UFHM,108131,20456.0,66544.0,21131.0,108131,106157,1974,1,108131.0,102339.0,469.0,102.0,1435.0,170.0,142.0,371.0,3103.0,108131.0,79301.0,182.0,416.0,15.0,364.0,1027.0,297.0,19896.0,6633.0,108131,40732,2.7
287,13.23214155,41UG,9.465155786430843,E07000197,41UG,41UGGH,130869,25446.0,81705.0,23718.0,130869,127609,3260,0,130869.0,121160.0,770.0,641.0,1359.0,369.0,391.0,582.0,5597.0,130869.0,88799.0,457.0,850.0,64.0,1151.0,495.0,531.0,29868.0,8654.0,130869,59817,2.2
288,16.270036203389832,41UH,8.684326854510457,E07000198,41UH,41UHGF,97106,18398.0,59642.0,19066.0,97106,95860,1246,0,97106.0,94657.0,256.0,270.0,136.0,87.0,52.0,60.0,1588.0,97106.0,70709.0,149.0,72.0,20.0,192.0,47.0,324.0,19018.0,6575.0,97106,57585,1.7
289,20.032831279999996,41UK,12.141506468919493,E07000199,41UK,41UKFL,76813,17368.0,49107.0,10338.0,76813,76446,367,0,76813.0,72984.0,504.0,559.0,386.0,47.0,91.0,252.0,1990.0,76813.0,48632.0,128.0,167.0,9.0,235.0,152.0,263.0,22540.0,4687.0,76813,3085,24.9
290,13.023363814814818,42UB,6.957939615322317,E07000200,42UB,42UBGH,87740,18241.0,51916.0,17583.0,87740,86170,1570,0,87740.0,83666.0,486.0,305.0,180.0,9.0,133.0,89.0,2872.0,87740.0,55465.0,214.0,85.0,116.0,196.0,11.0,311.0,24914.0,6428.0,87740,59378,1.5
291,13.139837058823533,42UC,5.451715643949958,E07000201,42UC,42UCFR,59748,12274.0,38365.0,9109.0,59748,58175,1573,0,59748.0,46142.0,583.0,1158.0,300.0,135.0,373.0,173.0,10884.0,59748.0,38228.0,190.0,157.0,81.0,364.0,40.0,274.0,15897.0,4517.0,59748,37771,1.6
292,24.389059645569617,42UD,14.350496845138425,E07000202,42UD,42UDFS,133384,29512.0,85177.0,18695.0,133384,131262,2122,0,133384.0,110624.0,610.0,2027.0,1801.0,242.0,1025.0,1554.0,15501.0,133384.0,70797.0,495.0,1102.0,83.0,3577.0,343.0,651.0,46687.0,9649.0,133384,3941,33.8
293,10.249270537037038,42UE,3.9362976192897956,E07000203,42UE,42UEGM,96731,20234.0,58264.0,18233.0,96731,95254,1477,0,96731.0,92747.0,345.0,189.0,170.0,17.0,164.0,126.0,2973.0,96731.0,61670.0,209.0,105.0,78.0,152.0,17.0,333.0,26652.0,7515.0,96731,87107,1.1
294,13.553357918032786,42UF,7.235667762104919,E07000204,42UF,42UFGL,111008,23155.0,68166.0,19687.0,111008,107942,3066,0,111008.0,101239.0,728.0,1141.0,599.0,123.0,452.0,259.0,6467.0,111008.0,69136.0,313.0,259.0,118.0,602.0,61.0,350.0,32111.0,8058.0,111008,65696,1.7
295,11.777179718309858,42UG,6.619591729676829,E07000205,42UG,42UGGW,124298,25122.0,72108.0,27068.0,124298,121791,2507,0,124298.0,116655.0,585.0,326.0,769.0,115.0,269.0,208.0,5371.0,124298.0,78400.0,367.0,437.0,138.0,539.0,121.0,500.0,34348.0,9448.0,124298,89156,1.4
296,22.23156771232877,42UH,13.008074935955,E07000206,42UH,42UHFY,115254,22718.0,66664.0,25872.0,115254,113519,1735,0,115254.0,110385.0,407.0,302.0,180.0,56.0,208.0,100.0,3616.0,115254.0,69936.0,306.0,129.0,63.0,388.0,33.0,515.0,35312.0,8572.0,115254,36968,3.1
297,7.262298851851853,43UB,5.433511811105835,E07000207,43UB,43UBFZ,130875,31128.0,79494.0,20253.0,130875,129483,1392,1,130875.0,104508.0,2072.0,853.0,2489.0,555.0,620.0,272.0,19506.0,130875.0,83973.0,685.0,1593.0,795.0,2406.0,523.0,444.0,30606.0,9850.0,130875,9506,13.8
298,8.301706613636364,43UC,6.086116333885582,E07000208,43UC,43UCFP,75102,16719.0,46535.0,11848.0,75102,74026,1076,1,75102.0,59049.0,1142.0,385.0,1828.0,667.0,679.0,304.0,11048.0,75102.0,46222.0,480.0,1913.0,239.0,2277.0,125.0,265.0,18254.0,5327.0,75102,3407,22
299,9.324505714285717,43UD,6.622186888551482,E07000209,43UD,43UDFY,137183,27605.0,89473.0,20105.0,137183,130920,6263,1,137183.0,114510.0,1193.0,986.0,1661.0,487.0,1162.0,336.0,16848.0,137183.0,82621.0,842.0,1301.0,322.0,2713.0,206.0,469.0,38108.0,10601.0,137183,27093,5.1
300,7.760493609259258,43UE,5.42642767061785,E07000210,43UE,43UEGA,85375,18066.0,50733.0,16576.0,85375,83985,1390,0,85375.0,76907.0,798.0,406.0,707.0,152.0,207.0,131.0,6067.0,85375.0,54926.0,330.0,564.0,212.0,669.0,85.0,333.0,21514.0,6742.0,85375,25832,3.3
301,9.625564058139531,43UF,6.712571418193862,E07000211,43UF,43UFFU,137835,30432.0,85991.0,21412.0,137835,134346,3489,0,137835.0,117092.0,1554.0,708.0,2192.0,1189.0,1312.0,603.0,13185.0,137835.0,85325.0,618.0,1880.0,294.0,2637.0,205.0,480.0,36262.0,10134.0,137835,12913,10.7
302,9.868641692307692,43UG,5.8177688060891315,E07000212,43UG,43UGFQ,80510,15565.0,52258.0,12687.0,80510,77346,3164,0,80510.0,64397.0,1073.0,493.0,2022.0,378.0,584.0,195.0,11368.0,80510.0,51037.0,505.0,1181.0,251.0,1556.0,551.0,321.0,19297.0,5811.0,80510,7804,10.3
303,11.209781483333327,43UH,5.960772160767551,E07000213,43UH,43UHFS,95598,19769.0,60093.0,15736.0,95598,94837,761,0,95598.0,77411.0,1366.0,810.0,4013.0,656.0,971.0,419.0,9952.0,95598.0,60954.0,420.0,2332.0,206.0,1808.0,1325.0,347.0,21511.0,6695.0,95598,4488,21.3
304,6.924661634545454,43UJ,5.605796398150618,E07000214,43UJ,43UJFS,86144,19130.0,53471.0,13543.0,86144,84440,1704,0,86144.0,73179.0,828.0,365.0,1713.0,667.0,528.0,253.0,8611.0,86144.0,54646.0,736.0,1369.0,162.0,1607.0,483.0,352.0,20610.0,6179.0,86144,9509,9.1
305,9.973966800000001,43UK,4.521435594753281,E07000215,43UK,43UKGU,82998,18329.0,50302.0,14367.0,82998,80916,2082,0,82998.0,74095.0,865.0,251.0,746.0,139.0,400.0,373.0,6129.0,82998.0,53841.0,295.0,612.0,132.0,596.0,60.0,263.0,20976.0,6223.0,82998,24819,3.3
306,7.252151581707318,43UL,5.254511541409245,E07000216,43UL,43ULGF,121572,27617.0,71520.0,22435.0,121572,117219,4353,0,121572.0,110190.0,1032.0,429.0,533.0,246.0,353.0,147.0,8642.0,121572.0,79220.0,432.0,321.0,228.0,786.0,69.0,525.0,30745.0,9246.0,121572,34517,3.5
307,9.912164819672132,43UM,7.753411438165322,E07000217,43UM,43UMFS,99198,22276.0,62971.0,13951.0,99198,98282,916,0,99198.0,74335.0,1089.0,974.0,2328.0,5682.0,1012.0,270.0,13508.0,99198.0,58345.0,676.0,1952.0,214.0,7323.0,151.0,338.0,22931.0,7268.0,99198,6360,15.6
308,16.502162868421056,44UB,7.839035931891813,E07000218,44UB,44UBFW,62014,12524.0,38868.0,10622.0,62014,61468,546,0,62014.0,59499.0,458.0,238.0,360.0,35.0,30.0,124.0,1270.0,62014.0,43591.0,93.0,151.0,12.0,110.0,239.0,230.0,13589.0,3999.0,62014,28427,2.2
309,23.06119269512195,44UC,14.61062832460755,E07000219,44UC,44UCFR,125252,27310.0,78405.0,19537.0,125252,124410,842,0,125252.0,111379.0,697.0,1122.0,5705.0,527.0,555.0,351.0,4916.0,125252.0,79627.0,425.0,1374.0,12.0,2895.0,2739.0,476.0,30123.0,7581.0,125252,7895,15.9
310,14.242494482758621,44UD,9.273984429355,E07000220,44UD,44UDFZ,100075,22104.0,61717.0,16254.0,100075,98180,1895,2,100075.0,84210.0,1025.0,2133.0,3061.0,612.0,1002.0,754.0,7278.0,100075.0,63791.0,369.0,2291.0,63.0,1236.0,840.0,351.0,24281.0,6853.0,100075,35111,2.9
311,10.535044281690144,44UE,4.629327289421485,E07000221,44UE,44UEGN,120485,23379.0,72286.0,24820.0,120485,118853,1632,0,120485.0,112780.0,890.0,1019.0,564.0,74.0,112.0,115.0,4931.0,120485.0,84697.0,325.0,250.0,150.0,280.0,243.0,420.0,25556.0,8564.0,120485,97787,1.2
312,11.652256261904762,44UF,7.796560709613304,E07000222,44UF,44UFFX,137648,26596.0,89407.0,21645.0,137648,134590,3058,2,137648.0,114739.0,2146.0,895.0,6745.0,480.0,474.0,389.0,11780.0,137648.0,80185.0,521.0,1633.0,268.0,1299.0,5373.0,531.0,37859.0,9979.0,137648,28288,4.9
313,19.324004119047622,45UB,9.335866743829987,E07000223,45UB,45UBFQ,61182,12104.0,36396.0,12682.0,61182,60424,758,0,61182.0,56843.0,426.0,143.0,234.0,55.0,241.0,60.0,3180.0,61182.0,35829.0,211.0,138.0,221.0,611.0,30.0,346.0,19162.0,4634.0,61182,4181,14.6
314,18.57074747872341,45UC,10.549937696523731,E07000224,45UC,45UCGE,149518,26493.0,85792.0,37233.0,149518,145744,3774,0,149518.0,137024.0,889.0,2099.0,498.0,107.0,313.0,160.0,8428.0,149518.0,97618.0,425.0,306.0,243.0,806.0,45.0,689.0,37829.0,11557.0,149518,22071,6.8
315,13.525728708333332,45UD,5.642775671023889,E07000225,45UD,45UDGM,113794,21001.0,66423.0,26370.0,113794,110837,2957,2,113794.0,105841.0,743.0,635.0,470.0,36.0,319.0,129.0,5621.0,113794.0,75248.0,492.0,276.0,163.0,419.0,31.0,516.0,27947.0,8702.0,113794,78623,1.4
316,17.026963307692306,45UE,7.202604407425022,E07000226,45UE,45UEFP,106597,24700.0,69150.0,12747.0,106597,105859,738,0,106597.0,76888.0,967.0,1541.0,5530.0,4548.0,2164.0,465.0,14494.0,106597.0,57782.0,401.0,4892.0,98.0,7681.0,729.0,448.0,27756.0,6810.0,106597,4497,23.7
317,8.60998069135803,45UF,5.0774263072485555,E07000227,45UF,45UFGC,131301,28094.0,79168.0,24039.0,131301,128633,2668,0,131301.0,121020.0,904.0,308.0,734.0,165.0,440.0,155.0,7575.0,131301.0,83316.0,420.0,355.0,199.0,673.0,92.0,532.0,35355.0,10359.0,131301,53027,2.5
318,7.826837142857142,45UG,5.508355716951127,E07000228,45UG,45UGGH,139860,30805.0,85298.0,23757.0,139860,137291,2569,0,139860.0,126341.0,1235.0,506.0,1410.0,154.0,487.0,201.0,9526.0,139860.0,87757.0,508.0,855.0,283.0,1130.0,88.0,924.0,37218.0,11097.0,139860,33402,4.2
319,17.5807934,45UH,10.38188890172503,E07000229,45UH,45UHFN,104640,20939.0,63246.0,20455.0,104640,102752,1888,2,104640.0,93594.0,815.0,493.0,783.0,171.0,605.0,169.0,8010.0,104640.0,60817.0,600.0,546.0,227.0,1348.0,122.0,666.0,31577.0,8737.0,104640,3248,32.2
320,10.454992859649122,47UB,6.738788093933855,E07000234,47UB,47UBFY,93637,19019.0,56608.0,18010.0,93637,90833,2804,0,93637.0,87640.0,904.0,119.0,1078.0,221.0,110.0,267.0,3298.0,93637.0,64508.0,191.0,323.0,91.0,502.0,609.0,282.0,20645.0,6486.0,93637,21697,4.3
321,13.41353853333334,47UC,7.812315808931238,E07000235,47UC,47UCHQ,74631,14603.0,43073.0,16955.0,74631,72422,2209,1,74631.0,71019.0,366.0,177.0,268.0,43.0,95.0,41.0,2622.0,74631.0,50399.0,189.0,111.0,59.0,197.0,75.0,381.0,17805.0,5415.0,74631,57707,1.3
322,21.772155036363635,47UD,13.948220263813482,E07000236,47UD,47UDFM,84214,18712.0,54542.0,10960.0,84214,83745,469,0,84214.0,73591.0,629.0,1816.0,720.0,2580.0,160.0,558.0,4160.0,84214.0,53434.0,154.0,206.0,52.0,2870.0,228.0,284.0,21712.0,5274.0,84214,5425,15.5
323,20.06912659016394,47UE,14.50756115607369,E07000237,47UE,47UEFN,98768,20809.0,64209.0,13750.0,98768,96854,1914,0,98768.0,88016.0,583.0,1185.0,806.0,1923.0,226.0,186.0,5843.0,98768.0,62911.0,307.0,249.0,32.0,2847.0,139.0,345.0,25419.0,6519.0,98768,3328,29.7
324,13.12702688461539,47UF,7.153674789926151,E07000238,47UF,47UFGP,116944,22761.0,70735.0,23448.0,116944,115545,1399,0,116944.0,109834.0,539.0,1473.0,463.0,84.0,91.0,118.0,4342.0,116944.0,83728.0,230.0,145.0,83.0,369.0,226.0,428.0,23678.0,8057.0,116944,66354,1.8
325,20.33806779999999,47UG,12.447015043052822,E07000239,47UG,47UGFU,97975,19050.0,59838.0,19087.0,97975,96958,1017,1,97975.0,92822.0,459.0,498.0,299.0,133.0,85.0,105.0,3574.0,97975.0,67260.0,197.0,111.0,38.0,681.0,136.0,341.0,22602.0,6609.0,97975,19541,5
