Table QS210,,,,,,,,,,,,,,,,,,,,,,,,,,,,,,,,,,,,,,,,,,,,,,,,,,,,,,,,,,,,,,,
"2011 Census: Religion (detailed), Middle Layer Super Output Areas (MSOAs) and Lower Layer Super Output Areas (LSOAs) in England and Wales",,,,,,,,,,,,,,,,,,,,,,,,,,,,,,,,,,,,,,,,,,,,,,,,,,,,,,,,,,,,,,,
,,,,,,,,,,,,,,,,,,,,,,,,,,,,,,,,,,,,,,,,,,,,,,,,,,,,,,,,,,,,,,,
England and Wales,,,,,,,,,,,,,,,,,,,,,,,,,,,,,,,,,,,,,,,,,,,,,,,,,,,,,,,,,,,,,,,
"London boroughs, unitary authorities and districts in England; unitary authorities in Wales",,,,,,,,,,,,,,,,,,,,,,,,,,,,,,,,,,,,,,,,,,,,,,,,,,,,,,,,,,,,,,,
,,,,,,,,,,,,,,,,,,,,,,,,,,,,,,,,,,,,,,,,,,,,,,,,,,,,,,,,,,,,,,,
"All usual residents, Numbers",,,,,,,,,,,,,,,,,,,,,,,,,,,,,,,,,,,,,,,,,,,,,,,,,,,,,,,,,,,,,,,
,,,,,,,,,,,,,,,,,,,,,,,,,,,,,,,,,,,,,,,,,,,,,,,,,,,,,,,,,,,,,,,
,,,,,,,,,,,,,,,,,,,,,,,,,,,,,,,,,,,,,,,,,,,,,,,,,,,,,,,,,,,,,,,
Region code,Region name,Local authority code,Local authority name,,Persons,Persons,Persons,Persons,Persons,Persons,Persons,Persons,Persons,Persons,Persons,Persons,Persons,Persons,Persons,Persons,Persons,Persons,Persons,Persons,Persons,Persons,Persons,Persons,Persons,Persons,Persons,Persons,Persons,Persons,Persons,Persons,Persons,Persons,Persons,Persons,Persons,Persons,Persons,Persons,Persons,Persons,Persons,Persons,Persons,Persons,Persons,Persons,Persons,Persons,Persons,Persons,Persons,Persons,Persons,Persons,Persons,Persons,Persons
,,,,,All categories: Religion,Christian,Buddhist,Hindu,Jewish,Muslim (Islam),Sikh,Other religion: Total,Other religion: Animism,Other religion: Baha'i,Other religion: Believe in God,Other religion: Brahma Kumari,Other religion: Chinese Religion,Other religion: Church of All Religion,Other religion: Confucianist,Other religion: Deist,Other religion: Druid,Other religion: Druze,Other religion: Eckankar,Other religion: Heathen,Other religion: Jain,Other religion: Mixed Religion,Other religion: Mysticism,Other religion: Native American Church,Other religion: New Age,Other religion: Occult,Other religion: Own Belief System,Other religion: Pagan,Other religion: Pantheism,Other religion: Rastafarian,Other religion: Ravidassia,Other religion: Reconstructionist,Other religion: Satanism,Other religion: Scientology,Other religion: Shamanism,Other religion: Shintoism,Other religion: Spiritual,Other religion: Spiritualist,Other religion: Taoist,Other religion: Theism,Other religion: Thelemite,Other religion: Traditional African Religion,Other religion: Unification Church,Other religion: Universalist,Other religion: Vodun,Other religion: Wicca,Other religion: Witchcraft,Other religion: Zoroastrian,Other religion: Other religions,No religion: Total,No religion: No religion,No religion: Agnostic,No religion: Atheist,No religion: Free Thinker,No religion: Heavy Metal,No religion: Humanist,No religion: Jedi Knight,No religion: Realist,Religion not stated
,,,,,,,,,,,,,,,,,,,,,,,,,,,,,,,,,,,,,,,,,,,,,,,,,,,,,,,,,,,,,,,
,,,,,,,,,,,,,,,,,,,,,,,,,,,,,,,,,,,,,,,,,,,,,,,,,,,,,,,,,,,,,,,
E12000001,NORTH EAST,E06000047,County Durham UA,,"513,242","369,715","1,001",607,208,"1,934",609,"1,525",5,33,19,0,2,3,1,6,31,0,0,19,3,73,4,0,5,2,15,386,16,24,0,1,31,6,2,7,46,555,28,7,0,0,1,4,3,91,9,21,66,"107,281","105,468",188,201,4,34,136,"1,248",2,"30,362"
E12000001,NORTH EAST,E06000005,Darlington UA,,"105,564","71,122",307,317,45,971,361,310,2,7,8,0,0,0,0,1,2,0,0,0,3,23,0,0,0,2,1,113,4,9,0,0,3,3,1,2,19,68,3,1,1,0,0,1,0,21,1,0,11,"25,415","24,977",56,43,4,9,25,301,0,"6,716"
E12000001,NORTH EAST,E06000001,Hartlepool UA,,"92,028","64,349",152,168,9,689,97,178,1,1,1,0,0,0,0,0,5,0,0,1,0,20,2,1,2,0,4,44,1,1,0,0,2,1,0,1,4,50,0,1,0,0,0,2,1,11,2,4,15,"20,507","20,217",34,38,0,5,15,198,0,"5,879"
E12000001,NORTH EAST,E06000002,Middlesbrough UA,,"138,412","87,511",370,591,45,"9,757",564,246,0,2,4,0,1,0,3,5,5,0,1,3,2,9,0,0,0,0,0,59,3,9,0,1,5,1,1,0,7,63,3,2,0,1,0,0,0,31,1,7,17,"30,797","30,340",53,46,1,10,16,331,0,"8,531"
E12000001,NORTH EAST,E06000048,Northumberland UA,,"316,028","216,673",578,335,169,"1,018",494,980,1,19,6,0,1,1,2,3,18,1,4,13,6,85,1,1,1,1,4,286,10,17,1,1,13,4,6,0,57,273,22,2,1,2,0,3,0,64,3,1,46,"75,620","74,515",127,113,2,23,100,739,1,"20,161"
E12000001,NORTH EAST,E06000003,Redcar and Cleveland UA,,"135,177","95,111",187,64,33,598,43,362,1,2,2,0,0,0,0,0,9,0,0,3,3,38,0,1,0,1,4,123,3,4,0,0,6,2,1,0,23,87,12,1,0,0,0,1,0,19,2,3,11,"30,054","29,602",44,51,0,3,34,320,0,"8,725"
E12000001,NORTH EAST,E06000004,Stockton-on-Tees UA,,"191,610","130,723",388,675,94,"4,143",625,382,2,1,8,1,0,1,0,2,11,0,2,4,7,27,0,0,2,0,3,110,6,9,3,0,7,3,1,1,15,98,6,4,0,0,0,0,1,20,4,6,17,"42,910","42,247",76,62,2,15,36,472,0,"11,670"
E12000001,NORTH EAST,E08000020,Gateshead,,"200,214","134,075",423,497,"3,004","2,096",356,529,2,12,5,1,0,0,1,5,7,0,0,7,0,30,0,2,6,1,6,131,5,16,0,0,4,6,2,1,35,166,12,2,0,0,0,1,0,34,3,2,24,"47,758","47,067",76,79,2,10,44,480,0,"11,476"
E12000001,NORTH EAST,E08000021,Newcastle upon Tyne,,"280,177","158,138","1,701","3,144",671,"17,561","1,223",755,0,31,11,0,5,3,1,7,8,1,1,10,9,38,0,1,0,7,6,202,9,31,1,0,8,20,3,5,33,135,26,3,0,3,6,3,2,54,3,21,48,"79,345","77,785",201,191,2,28,73,"1,065",0,"17,639"
E12000001,NORTH EAST,E08000022,North Tyneside,,"200,801","128,185",436,513,92,"1,493",354,528,0,17,2,0,0,0,1,0,12,0,1,8,3,38,0,0,2,0,9,117,4,14,0,0,12,1,1,2,39,161,5,1,0,1,0,2,2,35,3,9,26,"56,408","55,472",93,102,0,19,75,646,1,"12,792"
E12000001,NORTH EAST,E08000023,South Tyneside,,"148,127","104,090",223,254,57,"2,854",424,362,0,0,2,0,0,0,1,1,10,0,0,3,0,32,0,0,0,1,6,89,1,2,0,0,2,10,0,1,21,111,11,0,1,0,0,0,0,26,2,6,23,"31,247","30,734",46,51,0,5,32,379,0,"8,616"
E12000001,NORTH EAST,E08000024,Sunderland,,"275,506","193,642",550,607,76,"3,650",814,511,5,6,5,0,0,2,0,0,14,0,0,1,6,23,0,0,2,0,5,142,4,13,0,2,7,5,0,3,18,152,7,3,1,1,0,2,0,50,3,3,26,"60,358","59,574",100,66,3,19,26,570,0,"15,298"
E12000002,NORTH WEST,E06000008,Blackburn with Darwen UA,,"147,489","77,599",306,574,54,"39,817",161,295,0,3,5,0,0,0,0,2,9,1,0,1,15,20,0,0,0,0,1,64,2,6,0,0,4,0,0,2,7,78,7,0,0,1,0,0,2,26,3,15,21,"20,374","20,009",35,51,0,14,22,243,0,"8,309"
E12000002,NORTH WEST,E06000009,Blackpool UA,,"142,065","95,426",450,337,252,"1,061",61,571,4,4,4,0,0,1,1,4,7,0,2,2,1,22,0,0,1,2,8,155,9,16,1,0,9,1,1,2,21,209,5,1,0,0,0,0,0,45,5,1,27,"34,815","34,188",67,45,1,11,29,474,0,"9,092"
E12000002,NORTH WEST,E06000049,Cheshire East UA,,"370,127","254,940",882,"1,328",581,"2,438",279,"1,065",2,23,13,0,0,0,1,3,23,0,5,16,32,145,3,2,2,2,7,260,10,15,1,0,3,21,3,5,85,209,15,3,0,2,0,8,1,49,6,22,68,"83,973","82,457",185,159,6,38,94,"1,033",1,"24,641"
E12000002,NORTH WEST,E06000050,Cheshire West and Chester UA,,"329,608","231,126",776,653,250,"1,686",195,854,1,29,6,0,0,1,0,2,23,0,0,7,11,105,2,1,6,1,11,251,8,17,1,1,7,8,1,3,53,152,19,5,0,0,0,7,0,58,5,7,45,"72,649","71,250",169,136,1,47,93,949,4,"21,419"
E12000002,NORTH WEST,E06000006,Halton UA,,"125,746","94,314",216,194,44,267,55,303,0,1,4,0,0,0,0,0,5,0,0,9,0,24,1,0,1,2,1,96,1,3,0,0,2,5,0,1,17,72,3,0,0,2,0,0,0,27,1,1,24,"23,543","23,074",33,52,2,21,11,350,0,"6,810"
E12000002,NORTH WEST,E06000007,Warrington UA,,"202,228","144,405",457,"1,118",147,"2,097",361,513,0,8,4,0,0,0,0,2,7,0,3,5,9,36,1,0,1,1,2,180,6,12,0,0,3,12,1,1,19,120,8,3,0,3,0,1,0,39,2,1,23,"41,293","40,530",65,69,2,52,29,545,1,"11,837"
E12000002,NORTH WEST,E07000026,Allerdale,,"96,422","72,716",183,39,19,192,9,228,0,2,3,0,0,0,0,2,8,0,1,4,0,31,0,0,1,0,2,72,3,3,0,0,1,6,1,0,12,31,10,1,2,0,0,1,0,18,0,0,13,"16,677","16,373",36,36,1,19,21,189,2,"6,359"
E12000002,NORTH WEST,E07000027,Barrow-in-Furness,,"69,087","48,830",150,101,15,172,7,167,0,0,4,0,0,1,0,0,2,0,0,0,1,13,0,0,0,2,1,44,1,4,0,0,1,1,0,0,13,46,2,2,0,0,0,0,0,15,4,1,9,"15,252","14,997",29,25,0,3,5,192,1,"4,393"
E12000002,NORTH WEST,E07000028,Carlisle,,"107,524","74,296",277,241,17,455,27,279,1,5,4,4,0,0,0,1,4,0,0,1,3,33,0,0,7,1,4,93,3,7,0,0,3,1,3,1,18,37,3,0,0,2,2,2,0,15,2,2,17,"24,626","24,142",43,50,0,28,22,341,0,"7,306"
E12000002,NORTH WEST,E07000029,Copeland,,"70,603","55,687",148,81,17,227,8,146,0,0,0,0,0,0,0,0,3,0,0,2,4,18,0,0,0,0,0,62,0,3,0,0,3,0,0,1,7,18,2,0,0,0,0,1,0,13,2,0,7,"10,147","9,921",21,17,0,20,5,162,1,"4,142"
E12000002,NORTH WEST,E07000030,Eden,,"52,564","37,165",130,42,31,115,6,156,2,3,1,0,0,0,0,1,3,0,0,2,0,15,0,0,6,0,2,58,3,3,0,0,0,1,1,0,9,17,7,0,0,0,0,2,0,11,3,1,5,"10,882","10,661",23,27,0,6,19,146,0,"4,037"
E12000002,NORTH WEST,E07000031,South Lakeland,,"103,658","70,541",465,55,104,175,7,388,4,11,4,0,0,1,0,4,13,0,0,3,0,99,1,0,2,0,6,86,12,12,0,0,1,0,1,0,17,44,8,1,2,0,0,4,0,28,0,6,18,"23,912","23,482",57,62,0,4,48,258,1,"8,011"
E12000002,NORTH WEST,E08000001,Bolton,,"276,786","173,608",574,"5,988",174,"32,385",118,721,1,6,14,2,0,0,0,1,28,11,1,8,18,46,0,0,1,2,11,181,5,14,0,0,1,5,0,1,35,197,27,1,0,0,6,0,0,38,0,3,57,"47,567","46,543",93,81,11,92,49,698,0,"15,651"
E12000002,NORTH WEST,E08000002,Bury,,"185,060","116,036",453,817,"10,302","11,279",301,422,0,9,2,0,0,0,0,3,10,0,0,9,6,38,1,0,1,1,1,116,6,10,2,1,5,15,0,0,27,105,4,2,0,0,1,2,1,27,1,1,15,"34,381","33,673",73,83,0,42,34,476,0,"11,069"
E12000002,NORTH WEST,E08000003,Manchester,,"503,127","245,247","3,879","5,452","2,613","79,496","2,292","1,889",9,48,42,0,11,6,5,18,20,0,6,14,129,130,3,0,2,11,19,378,24,123,17,0,26,52,2,10,145,191,64,13,4,12,2,12,6,86,10,58,181,"127,485","124,331",422,480,3,150,149,"1,946",4,"34,774"
E12000002,NORTH WEST,E08000004,Oldham ,,"224,897","134,167",371,"1,233",108,"39,879",70,406,0,4,1,0,0,3,0,2,9,0,0,8,9,21,0,0,0,3,2,113,1,23,0,0,2,1,1,0,23,96,3,1,2,0,0,8,0,38,3,2,27,"36,169","35,459",65,58,2,59,30,496,0,"12,494"
E12000002,NORTH WEST,E08000005,Rochdale,,"211,699","128,186",403,642,216,"29,426",71,430,0,9,3,0,0,3,0,1,14,1,0,6,4,33,0,0,1,1,1,111,3,11,0,1,3,6,2,0,20,114,6,0,4,2,0,1,1,36,2,6,24,"40,014","39,300",45,63,3,51,20,532,0,"12,311"
E12000002,NORTH WEST,E08000006,Salford,,"233,933","150,111","1,040","1,504","7,687","6,030",324,691,0,20,10,0,0,0,0,5,15,0,5,5,13,66,0,1,3,0,5,188,10,28,0,0,6,11,1,4,39,128,14,2,1,0,0,4,6,40,2,5,54,"52,105","51,075",129,103,4,73,34,687,0,"14,441"
E12000002,NORTH WEST,E08000007,Stockport,,"283,275","179,055",853,"1,666","1,340","9,431",330,964,1,45,16,0,1,1,0,2,8,0,0,7,207,78,1,0,3,1,10,213,5,15,0,1,10,8,3,4,46,126,12,6,0,1,5,2,0,54,10,18,44,"71,126","69,832",140,145,6,71,60,870,2,"18,510"
E12000002,NORTH WEST,E08000008,Tameside,,"219,324","140,322",511,"3,223",89,"9,705",102,651,0,9,5,1,0,1,0,6,10,0,0,9,14,47,0,0,3,2,5,214,10,20,0,0,7,12,4,1,27,148,11,4,0,0,1,2,0,45,5,6,22,"51,674","50,806",61,77,1,90,24,615,0,"13,047"
E12000002,NORTH WEST,E08000009,Trafford,,"226,578","143,639",768,"2,271","2,413","12,994","1,652",566,0,39,24,2,0,1,1,3,4,0,0,13,28,60,1,0,2,2,4,116,5,24,0,0,8,3,3,3,40,76,9,3,1,1,2,5,1,30,5,8,39,"47,968","47,051",96,102,0,68,58,593,0,"14,307"
E12000002,NORTH WEST,E08000010,Wigan,,"317,849","247,223",703,682,71,"2,162",62,689,0,5,6,0,0,0,0,3,11,0,1,8,2,39,0,0,2,1,6,257,11,16,1,0,8,10,5,2,32,146,16,1,0,2,0,2,1,57,5,7,26,"48,640","47,688",77,87,1,72,33,682,0,"17,617"
E12000002,NORTH WEST,E07000117,Burnley,,"87,059","55,399",192,175,14,"8,580",33,236,0,10,2,0,0,1,0,1,4,0,0,2,0,6,0,0,2,0,1,79,3,8,0,2,2,0,0,0,12,63,2,2,1,0,0,1,0,21,0,1,10,"17,178","16,905",31,28,0,9,14,191,0,"5,252"
E12000002,NORTH WEST,E07000118,Chorley,,"107,155","80,732",275,196,45,"1,130",18,337,0,1,2,0,1,0,0,0,11,0,0,8,7,39,0,1,1,0,0,99,4,14,0,0,2,4,2,0,20,64,4,0,3,0,0,1,1,20,4,1,23,"18,418","18,017",50,35,0,18,28,269,1,"6,004"
E12000002,NORTH WEST,E07000119,Fylde,,"75,757","55,843",196,175,322,350,39,228,0,0,4,0,0,0,0,0,8,0,0,2,1,23,0,0,0,1,2,61,2,3,0,1,9,1,0,0,12,64,0,0,0,0,0,0,0,22,1,2,9,"13,870","13,509",41,26,3,9,24,258,0,"4,734"
E12000002,NORTH WEST,E07000120,Hyndburn,,"80,734","53,602",162,70,7,"8,336",38,249,0,1,2,0,0,0,0,0,7,0,0,3,0,5,0,2,0,0,1,81,1,6,7,0,0,4,1,0,15,63,6,3,3,1,0,1,0,19,1,0,16,"13,700","13,468",18,21,0,9,10,174,0,"4,570"
E12000002,NORTH WEST,E07000121,Lancaster,,"138,375","91,124",540,446,119,"1,767",100,658,2,14,5,0,0,1,0,7,18,0,0,18,5,51,0,0,3,1,5,250,16,13,0,1,1,6,4,0,20,98,20,6,0,0,0,1,1,48,3,2,38,"33,833","33,018",124,115,3,29,60,481,3,"9,788"
E12000002,NORTH WEST,E07000122,Pendle,,"89,452","48,043",224,91,36,"15,579",9,334,0,22,5,0,0,0,0,1,6,0,0,0,0,42,0,0,0,1,0,86,3,7,0,0,9,3,2,0,21,71,6,0,0,0,0,1,1,19,4,0,24,"19,573","19,261",30,21,0,2,12,247,0,"5,563"
E12000002,NORTH WEST,E07000123,Preston,,"140,202","85,518",385,"3,338",60,"15,769",930,428,0,14,7,1,0,0,0,1,10,0,0,4,11,31,1,1,1,2,1,144,4,17,0,1,5,3,2,0,19,73,12,0,0,0,0,0,0,25,1,4,33,"25,754","25,150",66,60,0,37,27,414,0,"8,020"
E12000002,NORTH WEST,E07000124,Ribble Valley,,"57,132","44,627",88,99,10,425,41,139,0,1,0,0,0,0,0,1,3,0,0,2,2,28,0,0,0,0,1,21,2,5,0,0,1,0,0,0,9,38,4,0,0,0,0,0,0,10,3,0,8,"8,299","8,079",20,26,0,1,21,152,0,"3,404"
E12000002,NORTH WEST,E07000125,Rossendale,,"67,982","43,392",163,96,67,"2,613",9,231,1,1,3,0,0,0,0,1,4,0,0,10,0,11,0,0,0,0,4,68,5,2,0,0,2,5,0,1,11,68,3,1,0,0,0,1,0,13,0,1,15,"17,095","16,742",41,37,0,16,24,235,0,"4,316"
E12000002,NORTH WEST,E07000126,South Ribble,,"109,057","82,547",206,556,48,592,75,284,0,3,0,0,0,0,0,1,9,0,0,1,0,39,0,0,1,0,5,100,0,7,0,0,4,2,1,0,9,59,6,3,1,2,0,0,0,17,4,0,10,"18,487","18,122",48,45,2,12,21,237,0,"6,262"
E12000002,NORTH WEST,E07000127,West Lancashire,,"110,685","84,337",141,229,62,276,87,216,0,0,4,0,0,0,0,4,9,0,1,2,0,23,0,0,2,0,1,59,3,4,0,0,2,2,0,1,13,42,7,0,0,0,0,5,0,14,2,0,16,"19,029","18,659",41,43,0,10,20,256,0,"6,308"
E12000002,NORTH WEST,E07000128,Wyre,,"107,749","80,346",220,161,69,305,25,342,0,3,1,0,0,0,0,1,5,0,0,5,1,39,2,1,2,0,1,82,3,3,0,0,2,2,1,2,12,125,4,1,0,0,0,0,1,25,3,0,15,"19,210","18,911",33,35,0,4,19,208,0,"7,071"
E12000002,NORTH WEST,E08000011,Knowsley ,,"145,893","117,991",165,266,58,435,37,167,1,3,1,0,0,0,0,0,5,0,1,3,0,8,0,0,0,0,1,60,0,2,2,1,2,2,0,0,13,27,1,2,1,1,0,2,0,16,0,0,12,"18,439","18,177",25,36,2,7,12,180,0,"8,335"
E12000002,NORTH WEST,E08000012,Liverpool,,"466,415","331,217","2,017","2,437","2,157","15,209",531,"1,122",1,31,25,0,5,3,1,19,34,2,0,8,12,98,1,0,4,8,5,315,14,75,1,2,27,11,6,3,70,121,18,7,0,6,0,8,1,76,8,17,79,"82,701","80,656",238,276,4,50,77,"1,398",2,"29,024"
E12000002,NORTH WEST,E08000014,Sefton,,"273,790","210,184",504,525,486,"1,189",105,568,0,10,3,0,1,0,1,3,13,2,0,8,1,36,0,1,1,0,3,183,5,19,0,1,8,1,3,0,20,130,10,3,1,0,0,0,1,57,3,1,39,"43,196","42,296",116,90,0,16,54,623,1,"17,033"
E12000002,NORTH WEST,E08000013,St. Helens,,"175,308","138,172",317,416,48,605,46,403,0,8,1,0,0,0,0,5,6,0,0,8,4,20,2,0,0,1,15,108,3,6,0,0,8,6,2,4,16,106,9,2,0,0,0,3,1,33,3,1,22,"25,653","25,118",39,51,1,26,26,391,1,"9,648"
E12000002,NORTH WEST,E08000015,Wirral,,"319,783","225,147",905,742,265,"1,809",236,830,1,5,7,2,0,2,0,7,16,0,0,7,4,87,0,0,4,1,7,246,9,14,0,1,18,2,3,3,77,170,13,4,0,1,0,5,2,61,4,9,38,"68,209","66,897",141,143,2,24,89,909,4,"21,640"
E12000003,YORKSHIRE AND THE HUMBER,E06000011,East Riding of Yorkshire UA,,"334,179","227,343",702,607,337,"1,309",174,863,2,6,11,0,0,2,2,3,16,0,0,11,9,80,0,0,2,2,7,285,13,12,4,1,7,14,1,3,56,171,5,5,0,0,0,3,0,67,8,5,50,"78,296","77,051",133,140,3,24,79,864,2,"24,548"
E12000003,YORKSHIRE AND THE HUMBER,E06000010,"Kingston upon Hull, City of UA",,"256,406","140,753",771,439,172,"5,447",289,794,0,8,7,0,0,1,0,3,16,0,0,10,12,43,0,0,1,2,8,304,12,15,2,0,20,4,7,1,40,112,14,1,1,1,0,1,1,84,4,3,56,"89,336","88,009",144,154,6,41,46,935,1,"18,405"
E12000003,YORKSHIRE AND THE HUMBER,E06000012,North East Lincolnshire UA,,"159,616","96,836",347,386,64,"1,332",158,533,1,4,9,0,0,2,0,1,17,2,0,7,3,55,0,0,0,2,4,166,4,13,0,0,4,7,0,0,22,125,6,0,0,1,0,3,0,52,1,3,19,"48,476","47,683",75,47,0,18,28,624,1,"11,484"
E12000003,YORKSHIRE AND THE HUMBER,E06000013,North Lincolnshire UA,,"167,446","110,554",381,445,48,"3,024",538,417,1,10,5,0,0,1,0,0,15,1,0,3,4,32,0,0,3,3,7,145,1,7,1,2,5,2,0,4,13,74,4,0,0,0,0,3,0,27,16,2,26,"40,176","39,570",62,64,0,15,33,431,1,"11,863"
E12000003,YORKSHIRE AND THE HUMBER,E06000014,York UA,,"198,051","117,856","1,016",983,202,"2,072",133,747,0,18,9,1,1,0,0,4,9,0,4,10,9,79,0,0,1,4,4,241,12,26,2,1,13,3,7,4,37,102,27,8,0,2,0,3,0,43,9,5,49,"59,646","58,403",211,171,4,33,73,750,1,"15,396"
E12000003,YORKSHIRE AND THE HUMBER,E07000163,Craven,,"55,409","37,301",134,65,16,506,34,187,2,3,2,0,0,0,0,1,4,0,0,2,2,25,1,0,0,1,2,67,7,3,0,0,0,0,0,1,9,24,6,2,0,1,0,1,0,10,0,2,9,"12,935","12,689",35,25,0,1,28,157,0,"4,231"
E12000003,YORKSHIRE AND THE HUMBER,E07000164,Hambleton,,"89,140","64,692",135,93,45,234,5,223,0,3,1,0,0,0,0,0,11,0,2,8,1,35,0,0,3,1,1,80,5,5,0,0,2,2,2,0,10,20,1,2,0,1,0,1,0,8,2,0,16,"17,652","17,392",43,35,0,4,20,158,0,"6,061"
E12000003,YORKSHIRE AND THE HUMBER,E07000165,Harrogate,,"157,869","108,289",414,236,334,573,82,533,1,19,6,0,0,0,0,4,17,0,5,8,6,68,1,0,0,1,9,148,4,7,0,0,5,3,3,2,47,79,17,2,2,0,0,1,1,18,4,3,42,"36,227","35,547",97,69,0,19,65,430,0,"11,181"
E12000003,YORKSHIRE AND THE HUMBER,E07000166,Richmondshire,,"51,965","36,057",373,513,26,130,7,158,1,0,2,0,0,2,0,1,2,0,0,3,0,25,0,0,0,1,1,46,3,4,0,1,1,1,2,0,15,22,2,0,0,1,0,0,0,7,1,1,13,"11,120","10,918",29,21,0,12,16,123,1,"3,581"
E12000003,YORKSHIRE AND THE HUMBER,E07000167,Ryedale,,"51,751","37,172",125,20,15,57,5,180,2,1,3,0,3,0,0,0,4,0,0,2,0,28,0,0,0,0,0,70,4,0,0,0,1,0,4,1,8,16,5,0,0,0,0,1,0,13,1,1,12,"10,354","10,187",19,15,1,4,13,114,1,"3,823"
E12000003,YORKSHIRE AND THE HUMBER,E07000168,Scarborough,,"108,793","72,544",295,167,67,551,8,402,2,3,1,0,0,1,0,1,9,0,0,4,0,40,1,1,4,0,7,123,11,1,1,4,2,3,1,2,25,95,4,1,0,0,0,0,1,27,7,6,14,"26,665","26,175",54,47,0,6,34,349,0,"8,094"
E12000003,YORKSHIRE AND THE HUMBER,E07000169,Selby,,"83,449","59,182",133,87,60,95,51,206,1,5,0,0,0,0,0,2,4,0,0,1,6,16,0,0,0,0,3,60,5,1,0,0,3,2,0,1,7,37,4,0,2,1,0,1,0,25,0,2,17,"18,070","17,828",24,21,1,2,14,179,1,"5,565"
E12000003,YORKSHIRE AND THE HUMBER,E08000016,Barnsley,,"231,221","158,287",344,232,49,945,197,623,0,3,5,0,0,0,0,2,7,0,0,1,0,57,0,0,9,2,4,180,6,12,0,0,1,4,0,1,17,215,10,0,0,0,0,3,2,40,3,3,36,"55,536","54,834",62,72,0,21,25,520,2,"15,008"
E12000003,YORKSHIRE AND THE HUMBER,E08000017,Doncaster,,"302,402","199,320",683,881,79,"4,990","1,140",932,0,8,6,0,0,1,0,2,18,0,0,8,9,39,0,1,3,2,6,216,6,27,0,0,15,2,7,2,28,375,8,0,2,2,0,3,0,75,7,6,48,"73,656","72,726",85,128,2,33,41,639,2,"20,721"
E12000003,YORKSHIRE AND THE HUMBER,E08000018,Rotherham ,,"257,280","171,068",401,433,63,"9,614",293,595,0,10,6,0,0,0,0,3,9,0,0,5,3,33,0,0,2,1,2,180,4,6,0,3,3,2,1,2,30,191,6,2,0,0,0,4,2,50,4,2,29,"57,783","57,050",59,72,0,22,23,552,5,"17,030"
E12000003,YORKSHIRE AND THE HUMBER,E08000019,Sheffield,,"552,698","290,299","2,282","3,566",747,"42,801",942,"1,961",3,47,29,3,1,4,2,21,31,0,3,20,49,127,0,1,5,5,15,582,31,115,1,1,22,15,4,5,99,321,60,6,3,28,9,4,3,109,18,29,130,"172,516","169,566",368,435,4,81,148,"1,912",2,"37,584"
E12000003,YORKSHIRE AND THE HUMBER,E08000032,Bradford,,"522,452","239,843","1,000","4,882",299,"129,041","5,125","1,686",2,21,11,7,1,1,0,8,30,1,0,9,26,147,0,0,5,2,10,432,19,67,217,2,13,10,11,5,63,296,22,1,1,1,0,7,1,106,5,12,114,"108,027","106,391",197,174,5,51,112,"1,089",8,"32,549"
E12000003,YORKSHIRE AND THE HUMBER,E08000033,Calderdale,,"203,826","114,667",593,616,153,"14,802",355,808,2,17,7,0,0,1,1,2,20,0,0,10,5,88,0,0,1,2,14,253,13,23,0,2,8,3,5,1,44,140,14,7,2,0,3,3,0,53,7,1,56,"57,193","56,208",81,105,0,34,73,692,0,"14,639"
E12000003,YORKSHIRE AND THE HUMBER,E08000034,Kirklees ,,"422,458","225,751",845,"1,544",189,"61,280","3,330","1,300",3,27,14,2,5,1,1,5,20,0,1,21,13,122,2,1,5,4,5,393,10,38,33,1,17,8,1,5,60,286,22,3,1,6,1,1,0,78,16,9,59,"100,829","99,072",192,177,4,45,93,"1,243",3,"27,390"
E12000003,YORKSHIRE AND THE HUMBER,E08000035,Leeds,,"751,485","419,790","2,772","7,048","6,847","40,772","8,914","2,396",6,48,42,5,3,4,2,19,37,4,5,30,54,235,2,4,14,12,27,656,24,163,42,3,29,23,10,18,133,312,40,8,0,8,0,12,3,159,16,41,143,"212,229","208,170",486,484,4,79,189,"2,812",5,"50,717"
E12000003,YORKSHIRE AND THE HUMBER,E08000036,Wakefield,,"325,837","216,215",573,831,117,"6,475",399,973,0,9,12,3,0,4,0,3,12,0,1,9,4,59,0,1,3,1,5,292,6,17,0,0,15,4,3,4,39,313,18,6,0,1,0,2,2,65,9,3,48,"79,497","78,485",111,128,2,37,35,697,2,"20,757"
E12000004,EAST MIDLANDS,E06000015,Derby UA,,"248,752","131,129",822,"2,198",110,"19,006","8,891",985,1,16,8,4,2,2,0,10,16,0,1,13,8,48,0,0,0,3,7,315,12,30,91,0,12,5,7,3,43,162,13,3,6,1,0,5,0,86,5,0,47,"68,668","67,586",101,96,0,39,67,779,0,"16,943"
E12000004,EAST MIDLANDS,E06000016,Leicester UA,,"329,839","106,872","1,224","50,087",295,"61,440","14,457","1,839",3,22,10,26,2,3,1,14,31,4,7,22,496,90,1,0,5,3,12,320,11,87,162,1,20,10,6,2,64,169,39,4,0,6,0,4,0,62,6,34,80,"75,280","74,065",183,161,1,36,54,778,2,"18,345"
E12000004,EAST MIDLANDS,E06000018,Nottingham UA,,"305,680","135,216","2,051","4,498","1,069","26,919","4,312","1,483",1,35,20,0,5,1,0,5,22,0,1,25,136,85,1,0,2,3,18,401,16,134,15,4,17,13,8,1,82,149,42,5,1,5,2,7,2,75,17,6,121,"106,954","105,140",226,227,4,57,67,"1,231",2,"23,178"
E12000004,EAST MIDLANDS,E06000017,Rutland UA,,"37,369","25,481",100,75,54,131,31,149,0,4,3,0,0,0,0,2,2,0,0,3,1,20,0,0,0,0,2,54,1,11,0,0,0,2,0,0,10,17,1,3,0,0,0,0,0,10,0,0,3,"8,728","8,551",31,18,0,0,8,119,1,"2,620"
E12000004,EAST MIDLANDS,E07000032,Amber Valley,,"122,309","74,834",253,155,79,188,172,583,0,3,2,0,0,0,0,2,12,0,0,12,0,52,1,0,2,0,3,205,5,3,0,0,5,6,4,1,41,142,4,3,0,2,0,0,0,44,5,0,24,"37,085","36,562",65,44,2,15,41,356,0,"8,960"
E12000004,EAST MIDLANDS,E07000033,Bolsover,,"75,866","49,447",115,81,29,146,104,261,0,1,3,0,0,0,0,0,3,0,0,3,0,12,0,0,0,0,1,105,0,2,0,0,17,2,0,0,13,69,1,0,0,1,0,0,0,20,0,0,8,"20,507","20,255",22,31,2,5,4,188,0,"5,176"
E12000004,EAST MIDLANDS,E07000034,Chesterfield,,"103,788","66,175",213,257,31,699,158,375,0,8,1,1,0,0,0,0,7,0,0,6,4,27,0,1,1,0,3,142,4,8,0,1,6,0,2,0,13,100,4,0,0,0,0,0,0,22,5,1,8,"28,238","27,846",55,51,0,18,16,252,0,"7,642"
E12000004,EAST MIDLANDS,E07000035,Derbyshire Dales,,"71,116","48,869",164,39,56,142,34,241,2,0,1,0,0,0,0,0,6,0,0,4,0,47,0,0,0,0,3,89,3,3,0,0,0,1,3,1,11,37,3,0,0,0,0,4,0,9,3,3,8,"16,477","16,143",52,41,2,3,31,203,2,"5,094"
E12000004,EAST MIDLANDS,E07000036,Erewash,,"112,081","64,784",213,412,42,258,284,412,1,1,1,0,0,0,1,1,7,0,0,6,4,33,0,0,2,1,1,188,6,11,1,0,3,6,1,2,12,78,6,1,0,0,0,0,0,19,4,0,15,"37,995","37,503",44,36,1,14,24,372,1,"7,681"
E12000004,EAST MIDLANDS,E07000037,High Peak,,"90,892","58,264",296,77,35,178,33,389,0,1,3,0,0,1,0,2,8,0,0,5,0,41,1,0,3,0,2,150,3,5,0,0,3,0,4,0,20,75,5,1,1,0,0,0,0,30,3,2,20,"25,057","24,580",62,62,0,22,24,307,0,"6,563"
E12000004,EAST MIDLANDS,E07000038,North East Derbyshire,,"99,023","66,773",115,92,48,268,131,309,0,14,0,0,0,0,0,0,6,1,3,2,0,41,0,0,0,0,1,98,3,2,5,0,2,0,1,1,13,84,3,0,0,0,0,0,0,21,0,0,8,"24,465","24,107",49,34,0,5,20,250,0,"6,822"
E12000004,EAST MIDLANDS,E07000039,South Derbyshire,,"94,611","60,522",161,264,43,331,"1,400",335,1,0,3,0,1,2,0,0,1,0,1,7,2,34,0,0,0,0,0,109,2,3,22,0,3,2,1,2,17,66,5,0,0,0,0,1,0,29,3,0,18,"25,334","24,988",26,29,0,10,12,268,1,"6,221"
E12000004,EAST MIDLANDS,E07000129,Blaby,,"93,915","54,594",177,"2,550",61,728,"1,849",337,0,5,4,0,0,0,0,2,9,0,0,4,34,31,0,0,0,0,1,89,2,5,9,0,2,5,0,2,15,79,3,0,0,0,0,0,0,15,2,1,18,"27,367","26,961",39,42,2,5,16,302,0,"6,252"
E12000004,EAST MIDLANDS,E07000130,Charnwood,,"166,100","92,233",559,"8,344",125,"3,925","1,241",620,0,13,4,5,3,1,0,4,28,0,1,12,86,49,0,0,3,1,3,134,6,9,0,0,1,3,2,2,25,140,16,2,2,1,0,2,0,33,3,5,21,"48,525","47,670",97,97,1,17,42,600,1,"10,528"
E12000004,EAST MIDLANDS,E07000131,Harborough,,"85,382","55,899",171,"1,088",112,423,630,199,0,0,2,0,0,0,0,2,2,0,0,3,2,35,0,0,2,0,0,70,2,4,5,0,2,1,0,0,10,33,4,1,0,0,0,1,0,11,0,0,7,"20,995","20,609",46,23,0,3,27,286,1,"5,865"
E12000004,EAST MIDLANDS,E07000132,Hinckley and Bosworth,,"105,078","67,559",215,871,46,517,427,381,0,3,0,0,0,0,0,0,11,0,0,6,24,39,0,0,2,0,2,111,3,7,15,1,0,5,1,1,29,82,5,0,0,0,0,0,1,19,1,1,12,"28,247","27,758",58,59,0,15,14,341,2,"6,815"
E12000004,EAST MIDLANDS,E07000133,Melton,,"50,376","34,239",110,211,11,41,46,171,0,1,0,0,0,0,0,0,6,0,0,5,0,26,0,0,0,0,1,67,8,3,0,1,2,0,0,0,6,19,3,2,0,0,0,1,0,13,0,0,7,"12,269","12,039",30,24,0,8,4,164,0,"3,278"
E12000004,EAST MIDLANDS,E07000134,North West Leicestershire,,"93,468","60,641",182,332,37,206,121,395,0,9,6,0,0,0,0,1,8,0,0,4,2,36,0,0,2,0,3,147,2,2,0,0,5,1,0,5,23,81,5,0,0,0,0,2,0,23,3,0,25,"25,713","25,302",40,43,4,30,25,269,0,"5,841"
E12000004,EAST MIDLANDS,E07000135,Oadby and Wigston,,"56,170","27,198",132,"5,112",136,"3,256","3,664",278,0,3,4,4,0,1,0,0,10,0,1,1,99,19,1,0,0,1,1,57,0,5,7,0,2,0,0,0,4,27,5,3,1,0,0,0,0,10,0,2,10,"13,007","12,722",49,32,2,15,16,171,0,"3,387"
E12000004,EAST MIDLANDS,E07000136,Boston,,"64,637","45,941",126,191,30,434,47,197,0,0,2,0,0,0,0,1,7,0,0,0,2,18,0,0,2,2,0,58,0,2,0,0,2,0,1,0,9,37,3,0,0,0,0,2,0,15,6,0,28,"13,143","12,922",23,17,0,6,5,169,1,"4,528"
E12000004,EAST MIDLANDS,E07000137,East Lindsey,,"136,401","93,691",226,126,84,366,49,565,0,7,3,0,0,3,0,6,22,0,0,5,0,64,0,4,2,0,3,203,1,2,0,0,2,1,1,0,22,136,6,2,0,0,0,3,0,47,3,2,15,"31,196","30,674",63,51,1,17,29,361,0,"10,098"
E12000004,EAST MIDLANDS,E07000138,Lincoln,,"93,541","54,265",303,335,63,902,73,478,2,17,6,0,0,0,0,2,6,0,0,6,4,28,0,0,1,2,5,173,4,11,0,1,6,10,2,0,20,82,10,3,0,0,2,1,0,47,2,3,22,"30,456","29,832",88,63,1,10,23,439,0,"6,666"
E12000004,EAST MIDLANDS,E07000139,North Kesteven,,"107,766","75,495",153,168,61,250,53,368,1,5,1,1,0,0,0,1,5,0,0,1,2,46,0,0,4,0,3,115,1,3,0,0,3,2,1,1,21,111,4,0,0,0,0,0,0,25,0,2,9,"23,583","23,152",54,56,0,10,30,281,0,"7,635"
E12000004,EAST MIDLANDS,E07000140,South Holland,,"88,270","63,861",119,100,69,258,69,260,0,3,0,0,1,1,0,1,7,0,0,3,0,21,0,0,1,1,1,70,1,2,0,0,1,1,0,0,12,79,2,1,0,1,0,0,0,18,8,2,22,"17,146","16,800",36,42,0,6,20,242,0,"6,388"
E12000004,EAST MIDLANDS,E07000141,South Kesteven,,"133,788","93,192",277,394,101,358,74,434,0,5,6,2,0,1,0,2,10,0,0,3,1,56,0,2,4,0,2,142,5,8,0,0,0,2,1,0,19,91,14,1,0,0,0,2,0,37,1,0,17,"29,665","29,146",58,45,2,8,34,372,0,"9,293"
E12000004,EAST MIDLANDS,E07000142,West Lindsey,,"89,250","62,739",141,172,31,212,88,303,0,5,3,0,0,1,0,3,18,0,0,3,2,26,1,0,0,0,4,123,4,5,0,0,4,0,2,1,21,44,3,1,0,0,0,0,0,14,2,4,9,"19,439","19,105",56,35,0,6,22,213,2,"6,125"
E12000004,EAST MIDLANDS,E07000150,Corby,,"61,255","36,111",126,190,44,382,125,150,0,4,2,0,0,0,0,0,4,0,0,3,5,15,0,0,0,0,0,36,0,1,5,1,2,1,0,0,8,32,0,0,1,1,0,0,0,13,0,1,15,"20,376","20,149",12,17,1,6,4,187,0,"3,751"
E12000004,EAST MIDLANDS,E07000151,Daventry,,"77,843","50,346",291,293,71,439,153,271,2,13,6,2,0,1,0,0,3,0,0,1,2,43,0,0,0,1,4,96,4,3,0,0,5,0,3,0,10,40,4,0,0,0,0,1,1,11,0,0,15,"20,701","20,393",30,27,1,8,17,225,0,"5,278"
E12000004,EAST MIDLANDS,E07000152,East Northamptonshire,,"86,765","53,187",186,277,83,232,114,361,0,5,3,0,1,1,1,1,9,0,0,4,0,33,0,0,1,0,2,109,2,13,10,1,5,0,0,2,21,82,5,3,0,0,0,0,0,30,3,1,13,"26,354","25,914",43,32,0,5,18,342,0,"5,971"
E12000004,EAST MIDLANDS,E07000153,Kettering,,"93,475","55,196",263,759,66,723,977,417,1,9,4,1,0,1,0,2,6,0,0,4,15,31,3,0,3,1,5,120,2,1,2,0,6,0,1,1,20,116,7,1,0,1,0,1,0,27,4,0,21,"28,768","28,346",47,43,1,10,13,308,0,"6,306"
E12000004,EAST MIDLANDS,E07000154,Northampton,,"212,069","119,937",924,"3,393",273,"8,806","1,063","1,037",4,33,14,1,2,3,0,3,16,0,0,16,133,65,0,1,5,1,11,240,5,41,84,2,6,8,1,2,47,161,11,2,1,2,1,2,1,48,6,4,54,"62,404","61,392",122,105,0,15,32,737,1,"14,232"
E12000004,EAST MIDLANDS,E07000155,South Northamptonshire,,"85,189","56,017",183,357,100,290,175,245,0,2,1,1,0,0,0,1,8,0,0,0,1,25,2,0,0,1,2,86,3,3,2,0,5,0,1,0,22,40,2,0,0,0,0,0,0,17,2,6,12,"21,758","21,343",43,27,2,5,23,315,0,"6,064"
E12000004,EAST MIDLANDS,E07000156,Wellingborough,,"75,356","43,471",221,"2,745",42,"1,232",158,401,0,18,3,0,0,0,0,0,6,0,0,2,43,31,0,0,0,0,5,104,3,29,31,3,2,2,0,0,13,58,1,2,0,0,0,2,0,15,0,0,28,"22,018","21,710",19,28,0,6,17,238,0,"5,068"
E12000004,EAST MIDLANDS,E07000170,Ashfield,,"119,497","69,496",211,218,16,375,178,430,1,4,5,0,0,2,0,3,10,0,0,0,4,14,1,0,1,0,4,162,4,6,3,0,0,3,1,2,22,117,14,0,0,0,0,1,1,24,5,0,16,"40,414","39,969",42,36,1,9,10,347,0,"8,159"
E12000004,EAST MIDLANDS,E07000171,Bassetlaw,,"112,863","79,935",189,248,48,701,119,361,0,6,2,0,0,0,0,0,9,0,0,3,1,20,0,1,1,0,1,111,1,4,0,1,1,3,0,1,16,131,2,0,0,0,0,2,0,36,2,0,6,"23,558","23,204",52,28,0,6,23,245,0,"7,704"
E12000004,EAST MIDLANDS,E07000172,Broxtowe,,"109,487","61,975",413,842,143,"1,636",921,416,1,10,2,0,0,0,0,10,10,0,0,4,19,31,0,0,2,2,2,139,4,4,0,0,3,1,1,0,23,80,14,0,0,0,0,2,0,24,1,6,21,"35,217","34,758",56,65,1,9,20,308,0,"7,924"
E12000004,EAST MIDLANDS,E07000173,Gedling,,"113,543","64,830",308,531,92,"1,535",724,381,0,16,8,0,0,1,0,0,10,0,0,8,9,47,0,0,0,0,5,119,5,2,0,0,5,0,2,2,29,62,4,0,0,0,0,1,0,24,0,3,19,"37,123","36,663",52,64,0,10,33,299,2,"8,019"
E12000004,EAST MIDLANDS,E07000174,Mansfield,,"104,466","64,399",193,271,34,563,165,333,0,0,6,0,0,0,0,1,3,0,1,6,1,36,0,0,0,2,5,118,0,4,0,0,3,1,0,0,27,84,2,0,0,0,0,0,0,16,2,0,15,"31,472","31,118",31,32,0,4,21,266,0,"7,036"
E12000004,EAST MIDLANDS,E07000175,Newark and Sherwood,,"114,817","75,869",226,194,62,456,123,369,0,3,8,0,0,2,0,2,7,0,1,12,2,32,0,2,0,2,3,124,3,8,0,0,6,3,2,0,29,67,8,1,0,0,0,1,0,27,2,1,11,"29,435","29,014",43,50,0,8,36,284,0,"8,083"
E12000004,EAST MIDLANDS,E07000176,Rushcliffe,,"111,129","65,490",320,"1,176",322,"1,697",902,399,1,7,2,0,0,0,0,6,16,0,0,4,18,38,0,0,0,0,3,138,6,14,0,0,2,1,1,4,21,54,11,0,0,1,0,2,0,21,2,6,20,"32,919","32,303",80,80,1,10,48,394,3,"7,904"
E12000005,WEST MIDLANDS,E06000019,"Herefordshire, County of UA",,"183,477","124,403",562,228,131,364,80,893,3,23,8,0,0,2,2,6,17,2,0,13,0,276,0,0,1,0,7,235,15,16,0,1,1,11,1,3,44,101,12,2,0,0,0,7,1,21,6,3,53,"41,766","40,991",83,89,4,14,72,512,1,"15,050"
E12000005,WEST MIDLANDS,E06000051,Shropshire UA,,"306,129","210,268",792,378,127,989,256,"1,113",6,15,9,0,0,0,0,2,40,0,1,11,2,167,3,2,15,5,17,343,6,22,6,1,10,8,6,5,83,167,23,3,1,2,0,3,0,63,15,2,49,"69,725","68,401",161,131,2,27,123,878,2,"22,481"
E12000005,WEST MIDLANDS,E06000021,Stoke-on-Trent UA,,"249,008","151,624",760,"1,384",66,"14,993",579,923,1,4,9,0,0,0,0,3,18,0,0,16,13,41,3,1,2,5,6,303,2,23,3,1,18,1,1,1,36,269,9,0,2,0,0,5,0,70,4,4,49,"62,737","61,894",98,98,3,22,40,581,1,"15,942"
E12000005,WEST MIDLANDS,E06000020,Telford and Wrekin UA,,"166,641","102,892",398,872,78,"3,019","2,118",692,2,11,1,0,0,0,2,1,13,0,0,6,5,42,0,1,0,1,4,195,5,7,115,0,4,5,1,2,31,143,8,1,0,2,0,1,1,39,3,0,40,"45,599","44,905",80,59,4,25,24,501,1,"10,973"
E12000005,WEST MIDLANDS,E07000192,Cannock Chase,,"97,462","67,392",166,128,9,219,274,283,1,1,2,0,0,0,0,2,4,0,0,3,1,16,0,0,0,1,0,86,1,4,0,1,7,1,0,0,9,92,3,0,0,0,0,0,0,34,3,0,11,"23,066","22,724",31,21,0,4,11,275,0,"5,925"
E12000005,WEST MIDLANDS,E07000193,East Staffordshire,,"113,583","72,890",284,318,42,"6,815",336,368,0,2,7,0,0,2,0,3,8,0,0,3,6,31,0,0,0,1,2,135,3,11,3,0,4,3,1,1,15,63,2,1,0,1,0,0,3,34,2,2,19,"25,037","24,624",40,49,0,18,24,279,3,"7,493"
E12000005,WEST MIDLANDS,E07000194,Lichfield,,"100,654","69,276",196,303,69,448,540,307,1,6,5,0,0,0,0,3,5,0,0,2,2,34,0,0,0,0,3,103,0,8,2,0,3,3,0,0,14,70,3,0,0,0,0,0,0,23,1,6,10,"23,113","22,755",38,38,0,8,18,256,0,"6,402"
E12000005,WEST MIDLANDS,E07000195,Newcastle-under-Lyme,,"123,871","81,353",455,519,71,"1,393",215,410,0,2,3,0,0,0,0,5,13,0,0,4,12,39,0,0,0,1,1,160,7,12,3,0,1,2,0,0,9,65,9,3,0,0,0,1,0,30,0,4,24,"31,124","30,534",71,61,1,24,31,402,0,"8,331"
E12000005,WEST MIDLANDS,E07000196,South Staffordshire,,"108,131","79,301",182,416,15,364,"1,027",297,0,3,0,0,0,2,0,0,5,0,0,3,6,25,0,0,0,0,0,84,0,9,26,0,2,1,2,0,13,70,9,1,0,0,0,0,0,17,2,1,16,"19,896","19,546",35,20,1,6,25,263,0,"6,633"
E12000005,WEST MIDLANDS,E07000197,Stafford,,"130,869","88,799",457,850,64,"1,151",495,531,2,12,1,0,0,0,0,3,17,0,0,1,4,36,0,0,0,0,3,161,6,20,3,0,6,4,10,2,19,151,6,3,0,1,0,2,0,36,0,0,22,"29,868","29,289",60,55,1,24,37,402,0,"8,654"
E12000005,WEST MIDLANDS,E07000198,Staffordshire Moorlands,,"97,106","70,709",149,72,20,192,47,324,0,0,5,0,0,1,0,1,5,0,1,4,0,45,1,0,0,0,3,102,5,1,0,0,1,3,0,1,15,86,1,0,0,1,0,2,1,20,1,1,17,"19,018","18,697",31,31,0,4,15,238,2,"6,575"
E12000005,WEST MIDLANDS,E07000199,Tamworth,,"76,813","48,632",128,167,9,235,152,263,1,5,2,0,0,0,0,0,11,0,0,4,2,14,0,1,0,0,0,88,2,0,0,0,3,1,4,3,9,88,3,4,0,0,0,0,0,14,1,1,2,"22,540","22,217",26,36,1,10,13,236,1,"4,687"
E12000005,WEST MIDLANDS,E07000218,North Warwickshire,,"62,014","43,591",93,151,12,110,239,230,0,3,1,0,0,0,0,1,8,0,0,2,0,25,0,0,0,0,0,75,1,0,0,0,4,2,1,0,12,47,2,0,0,0,0,0,0,28,1,0,17,"13,589","13,391",31,9,0,5,14,138,1,"3,999"
E12000005,WEST MIDLANDS,E07000219,Nuneaton and Bedworth,,"125,252","79,627",425,"1,374",12,"2,895","2,739",476,0,27,4,0,0,0,0,1,3,0,0,1,3,21,0,0,2,0,0,130,3,5,71,0,3,3,0,0,16,115,9,0,0,1,0,1,0,24,6,5,22,"30,123","29,709",53,23,0,5,18,315,0,"7,581"
E12000005,WEST MIDLANDS,E07000220,Rugby,,"100,075","63,791",369,"2,291",63,"1,236",840,351,0,23,3,0,0,0,0,6,8,1,0,1,9,32,0,0,0,0,3,91,2,9,10,0,2,2,1,0,15,69,10,3,0,0,0,4,0,22,1,1,23,"24,281","23,812",49,46,0,2,15,357,0,"6,853"
E12000005,WEST MIDLANDS,E07000221,Stratford-on-Avon,,"120,485","84,697",325,250,150,280,243,420,1,27,4,1,0,1,0,0,12,0,1,3,1,66,0,1,0,0,7,105,6,3,4,0,1,0,1,6,26,77,9,4,1,0,0,0,0,25,3,0,24,"25,556","25,033",74,48,0,12,33,356,0,"8,564"
E12000005,WEST MIDLANDS,E07000222,Warwick,,"137,648","80,185",521,"1,633",268,"1,299","5,373",531,1,24,3,0,0,0,0,5,13,0,0,3,34,73,0,0,3,3,1,101,12,16,11,0,11,3,0,9,29,77,19,6,0,1,0,2,0,24,2,7,38,"37,859","37,071",96,102,0,15,67,508,0,"9,979"
E12000005,WEST MIDLANDS,E08000025,Birmingham,,"1,073,045","494,358","4,780","22,362","2,205","234,411","32,376","5,646",2,94,72,13,10,8,8,19,59,2,3,30,244,301,4,0,15,9,26,730,21,520,"2,024",4,29,51,2,13,169,474,76,20,5,7,25,17,5,146,9,85,295,"206,821","203,155",559,508,7,134,219,"2,238",1,"70,086"
E12000005,WEST MIDLANDS,E08000026,Coventry,,"316,960","170,090","1,067","11,152",210,"23,665","15,912","1,641",2,32,19,4,0,3,0,8,17,0,1,11,98,102,2,0,2,1,12,359,8,46,436,1,13,4,0,5,51,196,22,6,0,12,0,5,1,60,7,38,57,"72,896","71,680",168,145,7,25,61,810,0,"20,327"
E12000005,WEST MIDLANDS,E08000027,Dudley ,,"312,925","204,320",657,"1,908",77,"12,902","3,694","1,032",1,6,9,0,0,0,0,5,21,0,0,9,11,69,0,0,2,2,5,249,8,29,76,1,10,12,3,6,41,308,15,4,0,3,1,3,0,68,5,3,47,"68,835","67,831",88,96,0,29,41,749,1,"19,500"
E12000005,WEST MIDLANDS,E08000028,Sandwell ,,"308,063","170,075",654,"6,810",73,"25,251","26,934","1,816",0,3,5,5,1,2,0,4,19,0,1,7,19,52,0,1,1,0,2,201,1,52,"1,032",0,11,9,1,0,33,188,5,2,0,9,4,1,0,63,2,8,72,"57,716","57,001",74,58,0,38,26,518,1,"18,734"
E12000005,WEST MIDLANDS,E08000029,Solihull,,"206,674","135,572",430,"3,684",353,"5,247","3,504",569,1,19,11,0,0,0,1,3,22,0,1,3,52,53,0,0,1,1,3,115,1,18,20,1,4,5,0,1,40,121,3,4,0,4,0,1,0,23,1,7,29,"44,187","43,553",90,73,4,13,42,412,0,"13,128"
E12000005,WEST MIDLANDS,E08000030,Walsall,,"269,323","158,971",516,"4,560",54,"22,146","11,606","1,420",1,1,17,0,0,1,3,2,15,0,0,5,20,80,0,0,2,1,2,223,6,28,653,2,2,5,1,3,30,177,12,0,0,0,3,2,1,74,8,3,37,"53,876","53,191",85,67,2,16,34,480,1,"16,174"
E12000005,WEST MIDLANDS,E08000031,Wolverhampton,,"249,470","138,394","1,015","9,292",88,"9,062","22,689","3,057",0,7,32,1,1,3,0,2,20,0,1,11,17,48,0,0,3,1,2,225,3,98,"2,186",0,6,2,2,0,32,162,16,0,0,7,0,4,0,57,1,2,105,"49,821","49,075",102,62,1,10,46,524,1,"16,052"
E12000005,WEST MIDLANDS,E07000234,Bromsgrove,,"93,637","64,508",191,323,91,502,609,282,3,0,2,0,0,0,0,1,2,0,0,2,6,44,1,1,0,0,5,75,1,8,2,0,3,4,0,1,7,74,4,0,0,1,0,1,0,17,2,1,14,"20,645","20,255",44,45,0,4,28,267,2,"6,486"
E12000005,WEST MIDLANDS,E07000235,Malvern Hills,,"74,631","50,399",189,111,59,197,75,381,0,0,6,0,0,1,0,4,11,0,0,1,0,121,1,0,3,3,6,98,5,5,0,0,2,3,1,0,23,36,10,1,0,0,0,4,0,15,3,1,17,"17,805","17,389",45,61,0,11,31,266,2,"5,415"
E12000005,WEST MIDLANDS,E07000236,Redditch,,"84,214","53,434",154,206,52,"2,870",228,284,0,7,2,0,0,1,0,1,7,0,0,3,4,25,0,0,1,0,1,78,4,13,0,0,5,3,0,1,10,84,3,0,1,0,0,0,0,21,2,1,6,"21,712","21,354",45,40,0,5,8,260,0,"5,274"
E12000005,WEST MIDLANDS,E07000237,Worcester,,"98,768","62,911",307,249,32,"2,847",139,345,1,6,5,0,0,0,0,1,9,0,0,2,1,62,0,0,3,1,3,101,3,8,0,0,4,2,0,1,28,39,7,1,1,3,0,2,0,28,1,1,21,"25,419","24,863",70,41,0,20,40,381,4,"6,519"
E12000005,WEST MIDLANDS,E07000238,Wychavon,,"116,944","83,728",230,145,83,369,226,428,0,16,1,2,0,0,0,2,14,0,0,2,8,65,0,0,0,0,7,118,4,8,0,0,4,3,2,0,25,95,7,1,0,1,0,0,0,23,1,2,17,"23,678","23,228",50,46,0,6,30,318,0,"8,057"
E12000005,WEST MIDLANDS,E07000239,Wyre Forest,,"97,975","67,260",197,111,38,681,136,341,0,4,3,0,0,1,0,6,7,0,0,7,0,42,1,0,0,0,3,78,3,6,4,0,4,0,2,0,24,94,4,1,0,0,0,2,0,25,2,0,18,"22,602","22,204",41,37,0,7,35,277,1,"6,609"
E12000006,EAST,E06000055,Bedford UA,,"157,479","93,346",509,"2,420",171,"8,610","3,336","1,506",4,9,9,0,2,1,0,4,12,0,0,13,21,40,1,0,2,1,1,171,2,22,946,3,2,0,3,2,33,74,15,1,1,1,0,1,0,33,4,6,66,"37,229","36,489",90,73,3,12,49,512,1,"10,352"
E12000006,EAST,E06000056,Central Bedfordshire UA,,"254,381","158,236",779,"1,668",499,"1,931",746,882,0,16,8,0,0,2,0,2,16,0,0,17,11,95,0,0,2,2,7,259,9,25,8,0,8,5,2,4,51,161,13,5,0,3,0,1,2,68,6,15,59,"72,355","71,101",124,95,2,41,58,932,2,"17,285"
E12000006,EAST,E06000032,Luton UA,,"203,201","96,271",652,"6,749",326,"49,991","2,347",898,2,23,9,2,4,0,0,0,16,2,4,5,169,40,0,1,2,0,1,166,1,57,96,1,12,0,1,1,31,79,10,0,0,8,4,2,0,38,2,18,91,"33,594","33,068",68,63,1,7,27,360,0,"12,373"
E12000006,EAST,E06000031,Peterborough UA,,"183,631","104,202",463,"2,320",144,"17,251","1,184",591,0,6,5,2,0,1,0,1,21,0,0,6,30,39,0,3,1,2,3,176,1,18,0,1,6,4,1,3,38,118,5,3,0,1,0,1,0,36,5,3,51,"45,183","44,500",94,79,2,9,33,465,1,"12,293"
E12000006,EAST,E06000033,Southend-on-Sea UA,,"173,658","96,755",801,"1,161","2,150","3,309",149,908,1,4,3,2,0,0,0,2,20,0,6,7,17,61,0,0,0,4,11,281,9,16,0,0,7,3,1,4,42,250,23,6,1,4,0,1,0,63,4,8,47,"54,880","53,753",107,102,3,25,49,840,1,"13,545"
E12000006,EAST,E06000034,Thurrock UA,,"157,705","99,891",615,"1,178",221,"3,164","1,224",456,0,4,3,0,0,0,1,1,9,0,0,6,4,20,0,0,0,1,0,116,3,8,4,0,3,6,0,2,20,170,4,0,0,3,0,1,0,34,2,5,26,"41,061","40,454",45,46,1,12,18,484,1,"9,895"
E12000006,EAST,E07000008,Cambridge,,"123,867","55,514","1,573","2,058",870,"4,897",213,703,1,55,6,12,1,3,1,6,8,4,0,5,24,48,2,0,4,7,12,127,16,55,3,0,5,7,3,9,54,68,24,5,0,0,1,11,2,37,2,21,54,"46,839","45,754",192,206,0,19,86,582,0,"11,200"
E12000006,EAST,E07000009,East Cambridgeshire,,"83,818","52,243",285,149,122,369,117,337,0,6,3,1,0,2,1,2,9,0,0,4,1,19,0,1,1,0,5,124,4,4,2,1,2,1,3,0,28,55,7,0,0,1,0,5,0,18,4,2,21,"23,565","23,143",44,41,3,12,31,291,0,"6,631"
E12000006,EAST,E07000010,Fenland,,"95,262","63,242",182,193,108,395,113,345,0,0,2,0,0,0,0,0,7,0,0,3,2,23,0,1,0,1,6,138,3,8,0,4,2,1,0,1,7,74,4,2,0,0,0,1,0,38,1,0,16,"23,846","23,463",28,33,0,11,20,291,0,"6,838"
E12000006,EAST,E07000011,Huntingdonshire,,"169,508","103,070",524,619,190,"1,865",266,683,1,24,0,0,0,0,0,4,11,0,0,13,7,52,0,0,3,1,12,195,4,12,0,3,9,3,0,0,67,151,9,5,0,1,0,1,0,52,6,2,35,"50,025","49,087",113,78,3,24,49,669,2,"12,266"
E12000006,EAST,E07000012,South Cambridgeshire,,"148,755","87,463",700,"1,123",362,"1,464",186,568,4,35,4,2,0,1,0,5,17,0,0,2,28,76,1,0,0,1,6,143,14,10,3,1,4,3,2,3,25,98,7,7,2,0,0,3,0,28,3,1,29,"44,741","43,844",133,121,2,12,66,563,0,"12,148"
E12000006,EAST,E07000066,Basildon,,"174,497","105,158",526,"1,238",424,"1,622",148,583,1,4,4,0,0,1,0,0,8,0,2,6,12,66,0,0,2,1,4,143,5,13,0,0,5,1,1,3,31,184,10,1,0,0,0,0,1,40,11,5,18,"52,923","52,149",63,71,1,10,29,600,0,"11,875"
E12000006,EAST,E07000067,Braintree,,"147,084","90,114",355,445,199,685,93,583,1,14,8,1,0,1,0,2,7,0,0,10,7,47,0,1,8,3,2,173,9,14,2,0,5,8,7,4,44,118,6,2,0,1,0,0,0,44,1,2,31,"44,111","43,369",61,63,2,16,33,565,2,"10,499"
E12000006,EAST,E07000068,Brentwood,,"73,601","50,502",300,776,272,649,111,219,1,5,1,1,0,0,0,1,2,0,1,1,18,18,0,0,0,0,2,47,2,3,0,0,0,0,0,2,21,56,2,1,1,0,0,0,0,12,1,7,13,"15,556","15,221",48,23,0,4,26,234,0,"5,216"
E12000006,EAST,E07000069,Castle Point,,"88,011","56,372",214,269,183,378,38,310,0,0,0,0,0,1,0,1,1,0,0,3,9,17,0,0,2,0,2,72,1,1,0,0,5,2,1,0,21,130,5,0,0,0,0,1,0,15,0,5,15,"23,967","23,584",26,22,0,7,14,314,0,"6,280"
E12000006,EAST,E07000070,Chelmsford,,"168,310","104,256",550,"1,213",330,"2,012",160,571,1,7,8,4,0,0,1,6,12,1,1,4,11,45,0,0,1,0,4,149,7,11,1,0,1,4,2,4,40,156,5,1,1,0,0,6,1,25,1,16,34,"47,403","46,507",107,95,2,12,48,632,0,"11,815"
E12000006,EAST,E07000071,Colchester,,"173,074","99,879",982,"1,274",264,"2,762",182,789,1,15,8,1,1,1,0,8,5,0,0,10,16,57,0,0,5,2,12,204,6,20,4,1,5,4,2,3,53,203,21,3,0,0,0,4,2,35,6,11,60,"54,354","53,316",114,96,0,40,63,723,2,"12,588"
E12000006,EAST,E07000072,Epping Forest,,"124,659","77,053",416,"1,745","3,972","2,377","1,253",432,1,26,3,1,0,4,0,4,3,0,0,0,28,47,0,0,0,0,4,104,2,9,0,0,1,2,0,3,28,97,6,0,0,0,1,0,0,16,1,18,23,"28,061","27,553",60,57,1,4,35,350,1,"9,350"
E12000006,EAST,E07000073,Harlow,,"81,944","45,365",333,635,237,"1,745",79,339,0,8,2,0,0,0,0,2,4,0,1,3,6,20,0,0,0,0,3,86,0,4,0,0,2,0,0,0,21,99,13,1,0,2,0,1,0,27,1,3,30,"27,789","27,359",47,32,1,7,11,330,2,"5,422"
E12000006,EAST,E07000074,Maldon,,"61,629","40,046",152,60,99,171,28,199,0,1,0,0,0,2,0,0,3,2,0,1,0,23,0,0,0,1,3,61,3,0,0,0,0,1,1,0,13,49,2,0,0,1,0,0,0,18,2,3,9,"16,365","16,063",52,19,0,2,15,214,0,"4,509"
E12000006,EAST,E07000075,Rochford,,"83,287","52,787",165,226,255,296,12,280,1,0,0,0,0,0,0,0,6,0,0,5,5,42,0,0,0,0,4,82,2,3,0,0,1,2,1,0,9,79,3,1,1,0,0,0,0,17,2,0,14,"23,228","22,821",36,34,2,8,16,310,1,"6,038"
E12000006,EAST,E07000076,Tendring,,"138,048","88,216",319,223,200,400,44,576,0,2,2,0,1,0,0,4,9,0,1,6,0,56,0,0,0,1,6,152,3,8,0,0,5,6,0,2,33,190,13,2,1,1,0,0,0,37,3,3,29,"37,477","36,791",71,64,0,6,36,505,4,"10,593"
E12000006,EAST,E07000077,Uttlesford,,"79,443","51,158",381,191,227,429,49,284,0,3,5,0,0,0,0,0,10,0,0,3,8,35,0,0,0,1,5,89,4,2,0,2,0,1,2,2,29,35,8,1,0,0,0,0,0,10,6,1,22,"20,813","20,403",54,42,0,2,23,288,1,"5,911"
E12000006,EAST,E07000095,Broxbourne,,"93,609","60,856",277,710,316,"2,287",90,272,0,4,4,0,0,3,0,1,1,0,5,0,36,22,0,0,0,1,1,59,1,10,0,0,2,3,0,0,16,62,6,0,0,0,0,0,0,18,1,0,16,"22,293","21,932",39,34,0,11,12,263,2,"6,508"
E12000006,EAST,E07000096,Dacorum,,"144,847","84,228",622,"1,905",678,"3,116",174,572,2,27,10,0,0,1,0,2,17,0,0,8,30,101,0,3,1,0,4,129,6,19,0,0,1,4,2,1,35,76,10,3,1,1,0,4,0,33,4,3,34,"42,758","42,009",95,74,0,23,64,492,1,"10,794"
E12000006,EAST,E07000097,East Hertfordshire,,"137,687","86,393",435,616,454,989,161,440,0,19,2,0,0,0,0,4,17,0,0,2,7,42,0,0,2,0,9,117,4,4,4,0,2,4,1,0,24,97,10,1,0,1,0,1,0,27,5,9,25,"38,205","37,562",86,76,2,22,39,418,0,"9,994"
E12000006,EAST,E07000098,Hertsmere,,"100,031","51,724",591,"3,172","14,293","2,402",164,692,0,7,6,4,0,0,0,0,6,0,2,1,400,25,1,0,2,1,2,68,0,5,0,0,4,3,1,0,27,54,5,2,1,0,1,0,1,14,5,20,24,"19,176","18,785",48,45,2,7,15,273,1,"7,817"
E12000006,EAST,E07000099,North Hertfordshire,,"127,114","72,415",617,"1,246",270,"1,453","2,447",599,1,4,5,0,0,0,0,6,13,0,0,2,13,64,0,0,3,4,8,121,7,17,80,0,4,4,0,1,35,113,8,2,0,0,0,3,0,24,4,12,41,"38,661","37,945",99,83,0,13,43,477,1,"9,406"
E12000006,EAST,E07000100,St Albans,,"140,664","83,988",615,"1,777","1,664","5,167",303,435,0,18,4,0,2,0,2,9,14,0,0,4,46,47,0,0,1,2,4,86,9,12,1,0,1,2,2,3,32,60,15,4,1,0,0,2,0,8,0,19,25,"36,278","35,521",102,88,3,13,66,479,6,"10,437"
E12000006,EAST,E07000101,Stevenage,,"83,957","45,705",442,996,147,"1,654",303,460,0,15,7,0,0,0,0,1,8,0,0,7,53,18,0,0,1,0,3,105,2,12,0,0,1,3,2,2,33,128,10,0,0,0,0,1,0,21,2,10,15,"28,606","28,193",39,35,0,11,8,319,1,"5,644"
E12000006,EAST,E07000102,Three Rivers,,"87,317","52,330",345,"3,963","1,611","1,947",464,590,0,12,3,0,0,0,0,0,8,4,0,0,319,51,0,0,0,0,4,53,3,4,0,0,2,1,0,0,17,29,10,2,0,0,3,1,0,16,1,34,13,"19,933","19,541",34,32,1,8,26,291,0,"6,134"
E12000006,EAST,E07000103,Watford,,"90,301","48,891",659,"4,348","1,023","8,905",566,489,0,21,7,0,0,0,0,1,10,0,0,1,138,41,0,0,0,0,2,82,2,12,1,1,4,0,0,7,26,46,17,0,0,2,10,0,0,12,1,18,27,"19,330","18,900",44,41,2,3,16,323,1,"6,090"
E12000006,EAST,E07000104,Welwyn Hatfield,,"110,535","63,599",899,"2,775",889,"2,810",376,523,0,44,4,0,0,1,1,0,13,0,0,1,78,42,0,0,2,1,8,86,1,12,2,1,4,6,0,5,24,79,9,1,0,0,0,0,0,23,5,29,41,"30,806","30,184",65,65,1,27,35,428,1,"7,858"
E12000006,EAST,E07000143,Breckland,,"130,491","83,252",277,139,141,409,63,603,0,6,6,0,3,0,0,0,9,1,0,5,0,44,1,0,3,1,10,202,3,5,0,0,7,4,2,2,28,164,10,5,0,0,1,2,1,44,6,2,26,"35,977","35,447",88,39,2,8,29,362,2,"9,630"
E12000006,EAST,E07000144,Broadland,,"124,646","78,938",342,252,117,377,72,508,2,12,4,3,0,1,0,5,3,0,0,8,10,72,0,0,3,0,1,132,10,4,0,0,3,4,5,0,31,135,3,3,0,0,0,5,0,18,2,0,29,"34,845","34,281",63,56,2,9,37,396,1,"9,195"
E12000006,EAST,E07000145,Great Yarmouth,,"97,277","59,383",237,255,108,518,6,328,0,7,1,0,0,0,0,0,4,1,0,2,1,27,0,0,1,2,2,100,1,3,0,0,7,0,0,0,22,99,1,1,0,1,0,0,0,22,4,0,19,"29,430","29,025",40,40,3,8,14,299,1,"7,012"
E12000006,EAST,E07000146,King’s Lynn and West Norfolk,,"147,451","97,868",417,346,127,544,82,565,1,3,2,0,0,1,0,4,7,0,0,14,0,59,2,0,2,2,5,223,2,6,0,0,4,2,1,3,24,120,3,0,0,0,0,5,1,37,3,3,26,"36,533","35,883",73,68,1,8,42,456,2,"10,969"
E12000006,EAST,E07000147,North Norfolk,,"101,499","66,973",286,51,123,158,21,550,0,7,6,0,0,1,0,0,9,0,0,5,1,79,0,0,2,0,5,155,1,11,0,2,1,4,1,0,35,135,8,0,0,1,0,2,0,34,10,3,32,"25,586","25,092",60,59,2,11,50,311,1,"7,751"
E12000006,EAST,E07000148,Norwich,,"132,512","59,515",978,"1,017",241,"2,612",168,886,1,17,9,0,0,3,2,11,12,0,3,10,19,95,1,0,4,5,16,248,11,21,1,4,11,2,2,5,47,169,31,1,1,0,0,4,0,49,4,7,60,"56,268","55,033",191,131,3,65,61,783,1,"10,827"
E12000006,EAST,E07000149,South Norfolk,,"124,012","77,234",364,235,126,403,49,493,1,7,3,0,0,1,0,3,6,0,0,7,3,91,1,0,0,2,7,150,15,9,0,0,5,2,0,1,35,89,6,1,1,0,0,0,0,15,1,1,30,"35,601","34,961",73,67,3,13,38,445,1,"9,507"
E12000006,EAST,E07000200,Babergh,,"87,740","55,465",214,85,116,196,11,311,2,3,10,2,0,3,0,6,6,0,0,2,0,45,2,1,1,2,2,85,4,2,0,0,1,1,0,3,18,73,9,1,0,1,1,1,1,9,0,5,9,"24,914","24,484",58,45,0,3,34,289,1,"6,428"
E12000006,EAST,E07000201,Forest Heath,,"59,748","38,228",190,157,81,364,40,274,0,7,3,0,0,0,0,2,7,0,0,3,0,24,1,1,1,0,3,100,2,3,0,0,3,0,0,4,15,42,1,2,0,0,0,1,0,24,1,2,22,"15,897","15,660",47,17,0,2,12,159,0,"4,517"
E12000006,EAST,E07000202,Ipswich,,"133,384","70,797",495,"1,102",83,"3,577",343,651,3,10,8,0,0,0,0,1,15,0,0,6,15,49,0,0,1,0,3,162,8,33,0,1,8,1,2,3,40,155,18,2,0,1,2,1,0,37,2,19,45,"46,687","46,039",74,66,2,24,42,440,0,"9,649"
E12000006,EAST,E07000203,Mid Suffolk,,"96,731","61,670",209,105,78,152,17,333,2,1,8,0,1,0,0,1,4,0,0,2,0,52,0,0,0,0,4,124,5,8,0,0,2,1,0,0,21,59,4,0,0,0,0,2,0,16,2,2,12,"26,652","26,214",52,46,0,11,40,287,2,"7,515"
E12000006,EAST,E07000204,St Edmundsbury,,"111,008","69,136",313,259,118,602,61,350,0,4,4,1,0,0,0,2,6,0,0,4,0,25,0,0,0,1,4,117,1,12,1,0,4,4,0,1,28,65,4,2,1,1,0,0,0,27,1,4,26,"32,111","31,552",66,46,0,13,24,407,3,"8,058"
E12000006,EAST,E07000205,Suffolk Coastal,,"124,298","78,400",367,437,138,539,121,500,0,5,7,0,0,2,0,0,11,0,2,4,5,78,0,1,1,1,0,172,8,13,2,1,5,1,3,1,29,82,7,1,0,2,0,1,0,22,11,4,18,"34,348","33,751",83,59,1,5,66,383,0,"9,448"
E12000006,EAST,E07000206,Waveney,,"115,254","69,936",306,129,63,388,33,515,1,14,1,0,0,0,0,1,12,0,0,6,1,41,0,0,3,1,4,150,7,12,0,0,4,2,0,1,31,162,0,0,0,0,0,1,0,31,6,1,22,"35,312","34,812",47,51,7,27,33,335,0,"8,572"
E12000007,LONDON,E09000007,Camden,,"220,338","74,821","2,789","3,141","9,823","26,643",465,"1,267",9,74,46,4,3,1,2,18,9,13,2,6,167,147,1,0,5,2,13,143,26,70,1,0,6,15,2,32,126,78,32,4,2,7,0,10,2,23,2,53,111,"56,113","54,759",264,269,2,18,96,704,1,"45,276"
E12000007,LONDON,E09000001,City of London,,"7,375","3,344",92,145,166,409,18,28,0,0,0,0,0,0,1,0,1,0,0,0,3,0,0,0,0,0,1,3,2,3,0,0,0,1,0,2,2,2,2,0,0,1,0,0,0,0,0,3,1,"2,522","2,474",1,8,0,1,4,34,0,651
E12000007,LONDON,E09000012,Hackney,,"246,270","95,131","3,075","1,577","15,477","34,727","1,872","1,311",7,16,60,1,14,4,0,8,12,3,12,3,21,121,12,1,3,3,12,209,19,227,15,4,18,17,1,11,122,63,42,14,5,12,0,5,2,34,9,27,142,"69,454","67,912",278,355,0,21,81,805,2,"23,646"
E12000007,LONDON,E09000013,Hammersmith and Fulham,,"182,493","98,808","2,060","2,097","1,161","18,242",442,857,5,55,25,1,0,3,0,7,9,11,1,1,48,93,2,0,7,1,13,79,20,64,0,1,6,25,0,15,91,70,8,6,0,7,1,1,3,20,1,56,101,"43,487","42,558",162,145,4,17,54,544,3,"15,339"
E12000007,LONDON,E09000014,Haringey,,"254,926","114,659","2,829","4,539","7,643","36,130",808,"1,303",7,41,39,2,4,0,1,8,11,5,5,7,139,132,1,0,3,5,14,201,14,144,4,2,9,16,8,16,107,70,41,10,0,11,0,5,0,37,4,33,147,"64,202","62,660",269,301,3,48,112,806,3,"22,813"
E12000007,LONDON,E09000019,Islington,,"206,125","82,879","2,117","2,108","1,915","19,521",569,967,5,25,35,0,2,5,2,12,5,15,1,4,70,82,2,1,7,3,9,150,18,66,1,2,10,14,2,20,111,58,30,10,2,3,0,4,0,29,6,31,115,"61,911","60,526",249,278,2,43,104,707,2,"34,138"
E12000007,LONDON,E09000020,Kensington and Chelsea,,"158,649","86,005","2,447","1,386","3,320","15,812",263,778,3,80,20,6,4,6,0,7,13,23,4,2,36,90,0,0,12,1,7,45,2,46,0,1,3,2,1,18,88,37,28,3,0,4,0,8,0,6,0,78,94,"32,669","31,996",134,111,1,17,64,346,0,"15,969"
E12000007,LONDON,E09000022,Lambeth,,"303,086","160,944","2,963","3,119","1,134","21,500",440,"1,682",6,22,56,2,0,11,2,8,24,0,7,12,73,124,6,0,7,3,13,228,33,316,2,1,12,14,3,13,170,141,55,6,5,15,19,4,8,34,5,27,195,"84,803","82,793",353,332,4,51,122,"1,146",2,"26,501"
E12000007,LONDON,E09000023,Lewisham,,"275,885","145,588","3,664","6,562",643,"17,759",531,"1,478",4,25,33,3,7,3,4,5,17,5,8,12,12,121,4,2,8,7,21,259,20,172,6,2,9,7,7,17,137,153,34,5,2,25,33,6,5,62,4,25,187,"75,155","73,582",251,219,3,14,126,959,1,"24,505"
E12000007,LONDON,E09000025,Newham,,"307,984","123,119","2,446","26,962",342,"98,456","6,421","1,090",1,32,28,0,1,2,0,4,6,0,9,4,112,42,0,0,3,0,5,118,10,118,248,0,4,13,1,1,59,66,14,4,1,16,0,5,0,17,0,36,110,"29,373","28,745",105,77,5,18,29,394,0,"19,775"
E12000007,LONDON,E09000028,Southwark,,"288,283","151,462","3,884","3,668","1,006","24,551",653,"1,350",7,38,39,1,3,5,2,13,13,1,10,7,64,84,2,0,5,10,18,179,16,170,6,2,9,14,5,14,154,119,47,7,0,32,4,7,3,41,5,39,155,"77,098","75,404",279,357,8,37,95,917,1,"24,611"
E12000007,LONDON,E09000030,Tower Hamlets,,"254,096","68,808","2,726","4,200","1,283","87,696",821,825,3,24,19,0,2,3,1,16,6,2,0,7,74,39,3,1,1,5,12,137,12,63,13,3,12,12,3,10,87,66,35,6,1,7,0,2,1,23,1,19,94,"48,648","47,447",222,212,2,15,48,702,0,"39,089"
E12000007,LONDON,E09000032,Wandsworth,,"306,995","162,590","2,574","6,496","1,617","24,746",832,"1,283",4,55,27,4,1,4,0,11,9,10,3,5,72,137,5,0,5,2,23,158,18,90,0,1,15,11,2,12,165,107,42,8,0,15,6,4,4,30,3,82,133,"82,740","80,749",354,307,0,25,91,"1,213",1,"24,117"
E12000007,LONDON,E09000033,Westminster,,"219,396","97,877","3,194","4,178","7,237","40,073",496,"1,280",4,88,54,0,1,7,7,11,9,81,1,5,177,98,8,0,6,3,15,90,10,50,0,2,3,10,4,27,111,70,27,1,2,5,14,6,3,17,7,114,132,"44,542","43,547",200,176,2,21,66,530,0,"20,519"
E12000007,LONDON,E09000002,Barking and Dagenham,,"185,911","104,101",842,"4,464",425,"25,520","2,952",533,1,20,20,0,0,0,0,4,6,5,3,2,20,32,0,0,2,2,3,135,1,20,34,1,8,3,0,2,28,92,7,0,0,4,0,2,0,22,7,6,41,"35,106","34,697",43,48,2,18,9,288,1,"11,968"
E12000007,LONDON,E09000003,Barnet,,"356,386","146,866","4,521","21,924","54,084","36,744","1,269","3,764",6,104,56,15,2,1,2,10,13,9,19,12,"2,266",191,1,0,3,1,12,181,11,48,1,2,4,13,5,52,113,111,39,5,0,4,12,9,2,41,1,269,118,"57,297","56,050",205,186,3,27,88,738,0,"29,917"
E12000007,LONDON,E09000004,Bexley,,"231,997","144,093","1,377","3,547",234,"5,645","4,156",724,0,11,33,0,0,0,1,4,7,0,0,8,26,47,0,0,1,3,3,187,1,11,49,1,8,6,2,2,44,142,11,5,0,2,0,4,1,48,3,14,39,"55,995","55,094",87,68,1,22,43,680,0,"16,226"
E12000007,LONDON,E09000005,Brent,,"311,215","129,080","4,300","55,449","4,357","58,036","1,709","3,768",0,47,42,88,2,9,0,7,12,57,15,6,"2,462",122,1,0,4,6,8,80,7,178,22,4,0,7,1,10,102,71,25,8,0,16,19,10,8,13,1,152,146,"33,054","32,267",151,116,5,14,40,460,1,"21,462"
E12000007,LONDON,E09000006,Bromley,,"309,392","187,656","1,580","4,987",957,"7,841",736,"1,138",0,26,27,2,0,3,1,10,22,0,3,13,49,131,0,0,2,1,14,238,6,56,0,3,4,7,4,10,81,165,14,8,2,2,20,1,0,54,9,67,83,"80,303","78,884",199,137,2,40,87,952,2,"24,194"
E12000007,LONDON,E09000008,Croydon,,"363,378","205,022","2,381","21,739",709,"29,513","1,450","2,153",0,24,42,0,2,3,0,7,30,1,14,8,746,140,0,0,7,3,26,251,9,153,8,6,14,7,6,9,105,192,16,8,2,7,31,8,2,72,9,45,140,"72,654","71,372",168,147,7,22,85,847,6,"27,757"
E12000007,LONDON,E09000009,Ealing,,"338,449","148,055","4,228","28,915","1,131","53,198","26,778","1,987",1,50,29,19,3,5,0,12,12,68,2,3,311,124,1,0,4,0,11,142,11,61,525,1,11,27,5,16,95,97,25,13,3,1,12,10,1,24,3,123,126,"50,848","49,663",213,169,4,21,91,685,2,"23,309"
E12000007,LONDON,E09000010,Enfield,,"312,466","167,417","1,824","10,927","4,412","52,141","1,078","1,950",1,30,63,1,1,7,0,7,20,4,2,8,881,87,0,0,7,2,5,172,12,91,1,2,6,8,2,4,68,110,22,3,2,19,5,10,0,43,2,77,165,"48,522","47,627",146,126,2,15,54,552,0,"24,195"
E12000007,LONDON,E09000011,Greenwich,,"254,557","134,632","4,223","9,087",492,"17,349","3,490","1,013",3,33,29,2,2,4,2,5,10,1,9,13,22,81,0,0,1,2,3,249,10,76,4,2,7,8,8,7,76,151,18,6,3,1,1,7,0,41,11,21,84,"65,034","63,912",156,164,0,34,69,698,1,"19,237"
E12000007,LONDON,E09000015,Harrow,,"239,056","89,181","2,700","60,407","10,538","29,881","2,752","5,945",2,51,15,22,1,0,1,2,6,1,5,5,"5,188",88,0,0,3,0,3,76,1,20,14,0,0,5,2,8,39,53,15,3,0,1,34,4,2,21,0,178,76,"22,871","22,283",66,70,0,12,64,376,0,"14,781"
E12000007,LONDON,E09000016,Havering,,"237,232","155,597",760,"2,963","1,159","4,829","1,928",648,1,24,4,7,0,1,1,4,5,0,1,3,50,33,0,1,2,0,3,175,7,10,20,0,1,2,2,6,35,121,14,5,0,1,0,3,0,33,4,16,53,"53,549","52,685",83,88,3,24,31,635,0,"15,799"
E12000007,LONDON,E09000017,Hillingdon,,"273,936","134,813","2,386","22,033","1,753","29,065","18,230","1,669",1,30,20,3,0,3,0,2,6,16,3,6,487,106,0,0,4,1,4,152,7,30,342,0,6,5,5,6,60,138,14,4,1,6,0,1,0,29,2,109,60,"46,492","45,613",95,93,3,16,50,621,1,"17,495"
E12000007,LONDON,E09000018,Hounslow,,"253,957","106,660","3,617","26,261",651,"35,666","22,749","1,540",1,33,23,3,3,5,0,5,9,35,4,5,495,114,0,0,5,0,6,124,5,34,137,1,8,4,0,3,61,109,13,2,0,6,0,2,1,34,2,140,108,"40,351","39,508",118,120,2,23,50,529,1,"16,462"
E12000007,LONDON,E09000021,Kingston upon Thames,,"160,060","84,684","1,771","7,502",775,"9,474","1,236",802,2,39,9,1,0,1,2,4,4,12,1,1,134,67,0,1,1,1,6,111,4,16,0,1,10,13,1,18,62,83,23,9,1,1,1,2,1,27,6,69,57,"41,183","40,254",137,109,0,17,58,608,0,"12,633"
E12000007,LONDON,E09000024,Merton,,"199,693","111,993","1,884","12,203",791,"16,262",498,810,0,33,15,2,0,1,1,10,17,3,3,7,74,82,0,1,1,0,10,103,6,32,1,2,4,10,0,6,66,96,12,5,1,2,11,6,1,25,4,74,83,"41,231","40,324",131,121,2,14,67,571,1,"14,021"
E12000007,LONDON,E09000026,Redbridge,,"278,970","102,755","1,840","31,699","10,213","64,999","17,377","1,348",1,21,5,4,0,1,0,4,8,5,3,6,545,78,0,0,2,1,5,101,1,32,99,1,7,3,0,6,45,96,20,5,0,9,0,0,0,21,1,96,116,"30,691","30,054",102,97,0,9,45,383,1,"18,048"
E12000007,LONDON,E09000027,Richmond upon Thames,,"186,990","103,319","1,577","3,051","1,409","6,128","1,581",890,2,39,14,1,0,2,0,6,11,4,3,7,89,140,3,0,2,3,15,119,12,15,10,1,2,4,1,11,86,87,20,6,0,1,4,8,0,23,0,90,49,"53,195","52,059",181,167,2,19,99,666,2,"15,840"
E12000007,LONDON,E09000029,Sutton,,"190,146","111,086","1,368","8,038",486,"7,726",325,796,2,21,9,0,0,2,0,7,8,5,0,10,73,68,0,0,1,3,8,148,7,15,4,0,7,5,2,15,39,142,14,1,0,0,16,1,0,49,4,54,56,"46,817","45,859",100,95,0,21,43,699,0,"13,504"
E12000007,LONDON,E09000031,Waltham Forest,,"258,249","124,939","1,987","5,917","1,259","56,541","1,209",993,3,18,30,0,10,1,0,6,11,2,3,4,34,98,1,0,2,3,10,200,10,132,8,5,9,13,3,9,78,86,24,7,1,9,0,6,2,30,4,12,109,"46,462","45,482",176,171,3,18,70,542,0,"18,942"
E12000008,SOUTH EAST,E06000036,Bracknell Forest UA,,"113,205","68,524",825,"1,824",176,"1,276",455,490,4,14,8,0,0,0,0,2,15,0,0,5,21,54,0,2,1,0,7,134,7,8,0,0,7,3,3,1,27,81,10,2,0,1,0,1,0,34,0,12,26,"32,184","31,484",60,71,0,4,36,527,2,"7,451"
E12000008,SOUTH EAST,E06000043,Brighton and Hove UA,,"273,369","117,276","2,742","1,792","2,670","6,095",342,"2,409",16,78,24,4,1,12,2,15,28,8,4,18,37,323,6,1,7,23,30,577,37,79,0,1,23,33,8,12,268,328,87,9,10,3,0,19,13,84,13,25,143,"115,954","112,122",435,478,4,88,183,"2,636",8,"24,089"
E12000008,SOUTH EAST,E06000046,Isle of Wight UA,,"138,265","83,671",459,312,124,524,45,905,1,11,8,0,0,3,0,6,25,0,0,13,0,78,1,1,2,0,7,340,8,16,0,1,5,2,6,4,55,216,3,4,0,1,0,4,0,40,2,2,40,"40,950","39,960",86,68,4,17,49,766,0,"11,275"
E12000008,SOUTH EAST,E06000035,Medway UA,,"263,925","152,637",937,"2,756",208,"5,169","3,846","1,392",3,30,7,0,0,1,1,4,24,4,0,18,16,81,2,1,3,3,2,387,6,19,269,1,14,2,3,6,67,240,19,3,0,1,2,5,1,88,5,4,50,"78,995","77,589",121,122,2,27,65,"1,068",1,"17,985"
E12000008,SOUTH EAST,E06000042,Milton Keynes UA,,"248,821","131,352","1,246","6,918",427,"11,913","1,372","1,216",2,15,12,0,0,3,0,1,23,0,7,8,99,100,1,2,2,12,12,345,7,38,7,5,8,2,0,5,78,183,21,7,0,6,9,4,0,72,12,31,77,"77,939","76,398",161,149,1,19,107,"1,103",1,"16,438"
E12000008,SOUTH EAST,E06000044,Portsmouth UA,,"205,056","106,999","1,162","1,282",235,"7,162",468,"1,050",1,16,6,0,0,0,1,2,19,1,2,9,18,104,0,0,6,2,16,305,5,42,5,0,7,10,1,4,56,231,23,6,0,3,1,2,3,61,10,17,55,"71,826","70,209",183,147,2,40,49,"1,195",1,"14,872"
E12000008,SOUTH EAST,E06000038,Reading UA,,"155,698","77,848","1,876","5,661",355,"11,007",947,701,3,19,9,4,0,3,0,11,9,3,1,8,52,74,1,1,0,0,7,146,11,22,4,2,8,1,1,6,38,130,11,3,0,3,0,2,0,39,5,12,52,"45,931","44,903",146,143,1,28,56,648,6,"11,372"
E12000008,SOUTH EAST,E06000039,Slough UA,,"140,205","57,726",743,"8,643",87,"32,655","14,889",482,0,21,5,16,0,1,0,0,4,0,7,1,39,39,0,0,0,1,2,61,0,18,74,0,5,1,0,0,23,62,5,2,0,3,0,0,0,20,3,21,48,"17,024","16,637",40,42,0,9,15,281,0,"7,956"
E12000008,SOUTH EAST,E06000045,Southampton UA,,"236,882","122,018","1,331","2,482",254,"9,903","3,476","1,329",2,21,15,0,0,2,3,12,18,1,1,8,24,78,1,1,1,6,14,326,15,48,37,0,18,23,5,10,64,347,26,6,0,0,0,3,1,94,6,20,72,"79,379","77,407",226,224,1,57,75,"1,388",1,"16,710"
E12000008,SOUTH EAST,E06000037,West Berkshire UA,,"153,822","97,896",495,"1,106",212,"1,218",236,607,0,17,5,2,0,0,0,2,16,0,0,1,4,92,0,0,1,1,5,169,11,7,0,0,4,0,2,1,41,117,14,3,1,6,0,3,0,34,4,7,37,"41,042","40,151",91,94,1,18,44,642,1,"11,010"
E12000008,SOUTH EAST,E06000040,Windsor and Maidenhead UA,,"144,560","90,051",780,"2,660",475,"5,684","2,941",513,0,17,3,2,0,1,0,4,7,2,5,4,40,64,0,0,0,3,5,82,3,9,17,2,4,1,0,9,45,92,5,1,0,1,0,4,0,17,6,28,30,"31,353","30,652",79,69,7,21,36,487,2,"10,103"
E12000008,SOUTH EAST,E06000041,Wokingham UA,,"154,380","91,905",572,"3,183",508,"4,352","2,043",454,0,40,7,2,0,0,0,5,4,0,2,2,30,59,0,0,1,1,4,94,9,10,15,0,2,1,2,2,38,77,5,2,0,1,0,0,0,15,1,9,14,"40,143","39,286",90,92,1,12,50,609,3,"11,220"
E12000008,SOUTH EAST,E07000004,Aylesbury Vale,,"174,137","107,432",657,"1,350",321,"6,783",238,588,1,16,9,0,0,0,0,4,20,1,0,5,8,77,0,1,2,1,6,168,5,20,7,0,1,1,2,2,38,95,18,0,2,2,0,0,2,33,1,12,28,"44,520","43,647",96,72,1,4,55,645,0,"12,248"
E12000008,SOUTH EAST,E07000005,Chiltern,,"92,635","58,553",327,"1,206",507,"2,311",489,343,0,7,4,0,0,2,0,3,5,0,0,2,32,49,1,0,0,1,2,95,3,1,0,0,3,1,0,4,21,49,10,0,0,1,0,6,0,9,1,10,21,"21,818","21,406",57,41,0,18,33,263,0,"7,081"
E12000008,SOUTH EAST,E07000006,South Bucks,,"66,867","41,637",310,"1,685",289,"1,665","3,163",228,0,25,0,0,0,0,0,1,2,0,2,1,28,22,0,0,1,0,4,45,3,2,9,1,1,1,0,1,8,33,0,0,0,0,0,0,0,4,1,12,21,"13,270","13,034",34,23,0,10,10,159,0,"4,620"
E12000008,SOUTH EAST,E07000007,Wycombe,,"171,644","98,182",913,"2,003",394,"15,022",767,644,8,27,8,0,0,0,0,7,18,0,0,9,8,81,1,0,2,0,5,152,8,24,6,0,6,4,3,11,47,92,11,2,0,10,0,5,0,35,3,13,38,"41,582","40,687",108,83,1,21,44,637,1,"12,137"
E12000008,SOUTH EAST,E07000061,Eastbourne,,"99,412","59,232",482,429,211,"1,458",53,586,2,14,3,1,0,3,0,5,9,0,2,12,4,73,0,0,2,0,4,194,8,5,0,0,4,5,0,10,36,86,14,3,0,0,0,3,0,29,3,9,43,"28,995","28,408",78,62,4,5,32,406,0,"7,966"
E12000008,SOUTH EAST,E07000062,Hastings,,"90,254","46,832",475,423,142,"1,159",38,668,2,11,8,0,0,0,0,4,13,0,7,1,4,85,1,3,6,2,9,237,3,16,0,4,8,6,1,0,36,117,15,4,5,1,0,3,0,25,6,2,23,"33,066","32,322",93,80,0,17,32,522,0,"7,451"
E12000008,SOUTH EAST,E07000063,Lewes,,"97,502","55,572",489,257,320,558,42,603,8,13,0,1,0,1,0,3,22,0,0,3,4,122,0,0,0,0,5,140,13,12,0,1,1,7,1,1,45,119,12,3,0,1,0,3,1,29,10,1,21,"31,641","30,898",76,92,2,4,66,503,0,"8,020"
E12000008,SOUTH EAST,E07000064,Rother,,"90,588","58,706",290,171,170,460,12,525,1,7,4,0,2,0,0,5,7,0,7,2,0,94,1,1,3,0,2,162,1,3,0,0,7,28,0,2,35,79,15,0,2,1,5,5,0,26,0,3,15,"22,864","22,427",54,35,0,8,32,307,1,"7,390"
E12000008,SOUTH EAST,E07000065,Wealden,,"148,915","95,317",454,221,231,566,33,"1,126",2,12,6,1,0,2,1,2,26,0,1,6,1,181,0,0,2,0,9,202,9,2,0,6,5,361,1,2,85,103,13,5,0,0,0,9,0,31,2,9,29,"39,157","38,419",95,71,3,10,49,510,0,"11,810"
E12000008,SOUTH EAST,E07000084,Basingstoke and Deane,,"167,799","100,482",872,"1,994",172,"1,464",329,638,5,5,8,0,0,1,2,2,25,0,0,8,5,60,0,1,1,0,7,186,5,9,0,0,4,2,6,2,30,140,14,2,2,0,0,5,0,51,11,3,36,"49,770","48,776",92,96,2,7,42,755,0,"12,078"
E12000008,SOUTH EAST,E07000085,East Hampshire,,"115,608","74,744",393,278,166,421,50,506,0,1,4,0,0,3,0,4,19,0,0,3,4,120,1,0,1,1,5,137,9,6,0,0,7,1,0,1,34,51,7,1,0,1,2,2,1,39,5,1,35,"30,380","29,639",95,88,0,8,42,506,2,"8,670"
E12000008,SOUTH EAST,E07000086,Eastleigh,,"125,199","77,485",356,820,92,975,854,498,0,18,1,0,0,1,0,0,12,0,0,2,2,43,0,0,0,2,4,114,2,7,46,1,4,6,2,0,24,132,6,4,0,2,0,3,0,24,2,5,29,"35,639","34,910",64,65,1,10,40,549,0,"8,480"
E12000008,SOUTH EAST,E07000087,Fareham,,"111,581","71,158",274,299,63,538,79,508,1,11,3,0,0,1,0,0,9,1,0,3,2,90,0,0,0,1,4,156,2,12,0,0,4,0,1,3,26,108,8,0,0,0,0,2,0,31,6,0,23,"30,578","29,938",80,61,1,22,23,453,0,"8,084"
E12000008,SOUTH EAST,E07000088,Gosport,,"82,622","48,616",198,189,37,452,38,427,0,1,1,0,0,2,0,2,11,0,0,0,1,48,0,0,1,0,1,116,4,6,0,0,2,0,2,1,34,122,6,0,1,0,0,1,2,43,3,1,15,"27,114","26,582",68,44,0,3,22,394,1,"5,551"
E12000008,SOUTH EAST,E07000089,Hart,,"91,033","58,817",466,720,101,509,199,292,1,15,4,0,0,0,0,3,9,1,0,1,5,25,0,0,0,0,4,57,6,4,1,0,1,3,0,3,20,76,2,1,0,0,0,0,0,24,0,6,20,"23,504","23,003",53,49,1,10,25,363,0,"6,425"
E12000008,SOUTH EAST,E07000090,Havant,,"120,684","71,475",267,233,81,570,60,563,0,3,3,0,1,0,0,4,12,0,0,2,1,79,0,0,2,0,4,158,0,5,0,1,3,3,0,4,34,160,8,0,1,2,2,1,0,43,3,4,20,"38,925","38,312",51,56,3,9,37,457,0,"8,510"
E12000008,SOUTH EAST,E07000091,New Forest,,"176,462","115,021",429,217,220,485,79,911,1,9,6,0,0,0,0,3,23,0,1,5,2,123,2,2,0,1,9,261,13,13,0,0,3,6,2,6,72,231,8,4,0,0,5,6,1,51,4,3,35,"45,374","44,359",113,80,2,16,66,737,1,"13,726"
E12000008,SOUTH EAST,E07000092,Rushmoor,,"93,807","54,206","3,092","3,222",65,"1,356",183,367,4,0,1,0,0,0,0,1,9,0,0,5,2,38,0,0,2,2,4,111,1,11,2,0,1,7,1,0,22,70,9,1,0,0,3,2,0,41,3,3,11,"24,773","24,154",52,55,0,9,16,485,2,"6,543"
E12000008,SOUTH EAST,E07000093,Test Valley,,"116,398","76,446",333,496,114,671,395,496,0,5,6,0,0,0,1,2,19,0,1,7,6,49,0,1,3,0,4,166,4,2,0,1,3,3,1,0,31,129,10,0,0,0,0,0,1,19,6,2,14,"29,195","28,603",72,61,2,3,31,422,1,"8,252"
E12000008,SOUTH EAST,E07000094,Winchester,,"116,595","73,729",566,460,175,558,123,488,1,4,3,0,0,1,0,5,10,1,0,13,8,76,2,0,1,0,5,151,4,13,1,0,2,4,3,6,32,80,9,1,0,0,0,2,0,14,3,3,30,"31,808","30,979",120,95,3,15,55,539,2,"8,688"
E12000008,SOUTH EAST,E07000105,Ashford,,"117,956","74,253",803,"1,282",116,"1,019",95,432,1,9,1,0,1,0,0,2,5,0,0,1,14,37,0,0,1,0,1,159,5,12,0,0,1,0,0,0,26,72,11,2,0,0,6,2,1,25,1,11,25,"30,984","30,422",51,48,4,9,31,418,1,"8,972"
E12000008,SOUTH EAST,E07000106,Canterbury,,"151,145","91,122",880,"1,055",267,"1,838",245,760,3,17,7,0,0,2,0,3,18,0,1,11,19,67,1,6,4,3,8,230,11,19,2,0,1,13,5,4,43,141,22,9,2,0,1,2,0,39,2,9,35,"43,117","42,033",155,111,3,25,64,724,2,"11,861"
E12000008,SOUTH EAST,E07000107,Dartford,,"97,365","59,045",382,"1,547",86,"1,566","1,543",319,0,1,3,0,0,0,0,2,5,0,0,6,12,31,0,2,1,1,5,122,4,5,0,0,3,0,2,0,18,54,3,0,0,5,0,0,0,13,2,4,15,"26,486","26,014",51,43,2,9,12,355,0,"6,391"
E12000008,SOUTH EAST,E07000108,Dover,,"111,674","71,541",523,682,97,521,50,525,0,1,11,0,3,0,0,3,17,1,0,7,8,68,0,0,2,1,10,174,7,4,5,0,2,3,0,3,31,86,3,2,2,1,8,1,1,28,2,3,27,"29,047","28,439",55,47,0,5,39,462,0,"8,688"
E12000008,SOUTH EAST,E07000109,Gravesham,,"101,720","61,891",333,942,54,"1,894","7,743",606,1,13,2,0,0,1,1,1,10,0,0,2,6,33,0,0,1,0,4,101,3,7,229,0,0,4,2,2,35,97,10,0,0,0,0,2,0,23,2,3,11,"21,862","21,451",35,44,0,6,11,315,0,"6,395"
E12000008,SOUTH EAST,E07000110,Maidstone,,"155,143","97,578",901,"1,492",163,"1,685",176,612,2,8,7,0,0,1,0,5,14,0,0,5,9,60,1,1,0,4,1,184,12,19,0,0,7,8,2,1,34,119,7,1,0,0,5,1,0,43,4,4,43,"41,493","40,655",79,73,2,14,41,627,2,"11,043"
E12000008,SOUTH EAST,E07000111,Sevenoaks,,"114,893","75,169",367,385,196,600,180,348,0,5,2,0,0,0,0,2,12,0,0,3,1,56,0,0,0,0,1,86,6,11,1,1,3,9,1,3,22,66,7,2,0,2,0,1,0,17,4,7,17,"28,939","28,399",60,40,1,7,41,390,1,"8,709"
E12000008,SOUTH EAST,E07000112,Shepway,,"107,969","67,296",962,"1,551",78,796,34,506,0,6,11,0,0,0,0,3,14,0,1,6,2,36,1,0,2,1,3,153,5,9,0,1,6,2,0,0,33,130,6,5,0,1,1,3,0,37,7,1,20,"28,575","27,928",57,66,2,9,42,471,0,"8,171"
E12000008,SOUTH EAST,E07000113,Swale,,"135,835","85,535",275,368,93,792,158,499,1,1,3,1,0,0,0,1,10,0,0,9,1,38,0,0,0,0,6,208,2,6,0,1,4,1,0,0,29,96,7,1,0,1,0,4,2,39,5,1,21,"39,087","38,413",46,71,3,6,38,510,0,"9,028"
E12000008,SOUTH EAST,E07000114,Thanet,,"134,186","82,447",491,639,273,"1,230",94,690,3,26,9,0,0,2,1,4,19,3,1,3,0,55,2,1,4,2,3,191,4,4,0,0,9,3,2,11,51,141,9,0,1,0,0,3,2,67,8,3,43,"38,383","37,664",68,51,1,11,48,538,2,"9,939"
E12000008,SOUTH EAST,E07000115,Tonbridge and Malling,,"120,805","76,920",441,539,122,750,169,412,3,9,4,0,0,1,0,3,8,0,1,3,6,54,1,1,2,1,5,109,5,12,0,0,1,1,0,0,41,80,7,5,0,0,0,1,0,23,0,1,24,"32,996","32,431",68,45,2,3,41,405,1,"8,456"
E12000008,SOUTH EAST,E07000116,Tunbridge Wells,,"115,049","72,403",444,461,232,"1,241",58,436,4,8,4,2,0,1,0,4,4,0,0,12,3,74,0,0,2,0,3,128,11,15,0,0,2,1,2,5,33,51,12,0,0,1,0,6,0,21,2,4,21,"30,622","29,954",105,67,2,4,32,455,3,"9,152"
E12000008,SOUTH EAST,E07000177,Cherwell,,"141,868","90,564",563,575,164,"3,196",438,563,3,12,7,23,0,0,1,5,13,0,0,2,6,69,0,1,1,0,4,148,2,21,0,2,1,5,2,4,42,98,14,2,1,1,0,5,2,33,4,2,27,"36,066","35,363",69,72,2,13,45,502,0,"9,739"
E12000008,SOUTH EAST,E07000178,Oxford,,"151,906","72,924","1,431","2,044","1,072","10,320",434,796,8,39,17,4,0,1,1,9,9,0,0,11,35,75,1,0,4,6,9,171,9,47,2,0,5,6,4,9,57,65,25,10,2,4,0,9,1,23,7,24,87,"50,274","48,954",243,237,1,37,91,709,2,"12,611"
E12000008,SOUTH EAST,E07000179,South Oxfordshire,,"134,257","85,292",467,472,281,710,106,505,8,12,6,16,2,1,2,1,15,1,2,3,7,84,0,0,1,1,9,132,0,15,1,1,6,1,1,1,45,71,7,1,0,0,0,3,1,19,4,5,20,"36,398","35,653",96,87,1,14,69,476,2,"10,026"
E12000008,SOUTH EAST,E07000180,Vale of White Horse,,"120,988","76,589",462,566,196,"1,073",177,433,1,27,7,1,0,1,0,4,9,0,0,7,5,51,0,0,0,3,2,118,5,10,1,0,7,0,1,1,26,69,7,0,0,0,0,9,2,22,1,0,36,"32,505","31,863",106,80,1,13,44,398,0,"8,987"
E12000008,SOUTH EAST,E07000181,West Oxfordshire,,"104,779","68,537",334,221,180,435,37,419,1,11,5,0,0,5,0,0,14,0,0,4,1,53,0,0,5,2,4,127,8,3,0,2,3,1,0,0,33,83,5,0,0,0,0,5,0,21,3,4,16,"27,101","26,568",68,60,3,10,54,337,1,"7,515"
E12000008,SOUTH EAST,E07000207,Elmbridge,,"130,875","83,973",685,"1,593",795,"2,406",523,444,0,43,13,0,0,1,0,5,9,8,2,2,25,69,0,0,1,1,5,58,2,6,0,1,2,3,2,3,36,59,7,3,0,0,0,1,0,11,3,37,26,"30,606","29,956",83,63,1,8,57,438,0,"9,850"
E12000008,SOUTH EAST,E07000208,Epsom and Ewell,,"75,102","46,222",480,"1,913",239,"2,277",125,265,1,32,2,0,0,0,0,2,5,0,0,3,18,43,1,0,2,0,2,43,1,6,0,0,2,2,1,1,18,29,5,0,1,0,0,0,0,12,0,11,22,"18,254","17,930",40,46,0,2,15,221,0,"5,327"
E12000008,SOUTH EAST,E07000209,Guildford,,"137,183","82,621",842,"1,301",322,"2,713",206,469,0,18,8,0,0,0,0,3,11,4,0,1,13,70,0,0,1,1,4,96,3,11,0,1,3,8,4,9,44,65,11,4,0,2,1,1,0,25,2,13,32,"38,108","37,212",115,88,1,23,74,594,1,"10,601"
E12000008,SOUTH EAST,E07000210,Mole Valley,,"85,375","54,926",330,564,212,669,85,333,0,4,3,1,0,0,0,2,4,0,3,2,0,80,5,0,1,0,5,75,4,9,0,0,2,3,2,5,34,25,6,3,0,1,0,1,0,18,0,13,22,"21,514","21,067",64,43,1,6,27,304,2,"6,742"
E12000008,SOUTH EAST,E07000211,Reigate and Banstead,,"137,835","85,325",618,"1,880",294,"2,637",205,480,0,14,4,0,0,1,0,4,11,0,1,2,27,77,0,0,2,1,6,78,3,9,3,2,4,11,1,2,46,70,6,0,1,3,0,2,1,41,3,18,26,"36,262","35,588",97,64,1,14,43,455,0,"10,134"
E12000008,SOUTH EAST,E07000212,Runnymede,,"80,510","51,037",505,"1,181",251,"1,556",551,321,0,8,5,0,0,1,1,2,8,0,0,4,9,37,0,0,1,0,2,79,3,7,9,2,3,3,0,3,18,36,8,5,0,0,0,2,0,25,2,11,27,"19,297","18,821",51,45,3,12,23,342,0,"5,811"
E12000008,SOUTH EAST,E07000213,Spelthorne,,"95,598","60,954",420,"2,332",206,"1,808","1,325",347,1,12,6,0,0,0,0,1,7,1,3,1,15,34,0,0,0,0,3,82,7,4,0,4,3,6,1,2,20,51,4,0,0,1,0,3,0,17,3,32,23,"21,511","21,071",40,38,0,7,33,322,0,"6,695"
E12000008,SOUTH EAST,E07000214,Surrey Heath,,"86,144","54,646",736,"1,369",162,"1,607",483,352,0,37,4,0,0,0,0,3,8,0,0,0,25,52,0,0,0,0,1,68,5,6,2,0,5,1,0,3,20,68,7,0,0,0,0,0,1,11,0,12,13,"20,610","20,169",45,38,0,9,26,323,0,"6,179"
E12000008,SOUTH EAST,E07000215,Tandridge,,"82,998","53,841",295,612,132,596,60,263,1,7,5,0,0,0,0,2,4,0,0,2,3,50,0,0,0,0,1,62,3,8,0,0,3,19,0,1,16,44,0,1,0,0,0,0,0,19,0,2,10,"20,976","20,607",37,30,0,8,17,275,2,"6,223"
E12000008,SOUTH EAST,E07000216,Waverley,,"121,572","79,220",432,321,228,786,69,525,2,12,4,0,1,0,0,6,8,0,0,4,4,101,0,0,2,1,7,140,11,11,0,0,6,5,1,1,47,55,20,5,0,0,0,3,0,20,8,20,20,"30,745","29,964",87,95,0,10,52,536,1,"9,246"
E12000008,SOUTH EAST,E07000217,Woking,,"99,198","58,345",676,"1,952",214,"7,323",151,338,0,11,5,0,0,0,0,0,6,9,0,2,15,43,0,1,1,0,4,68,8,7,0,1,2,2,0,5,19,52,10,3,0,2,0,1,0,28,0,13,20,"22,931","22,419",72,65,0,0,28,346,1,"7,268"
E12000008,SOUTH EAST,E07000223,Adur,,"61,182","35,829",211,138,221,611,30,346,0,8,5,0,0,0,0,3,9,0,0,3,1,63,0,0,2,0,8,85,3,4,0,0,1,2,0,0,22,70,8,2,0,0,0,0,0,23,4,2,18,"19,162","18,690",53,28,0,11,20,360,0,"4,634"
E12000008,SOUTH EAST,E07000224,Arun,,"149,518","97,618",425,306,243,806,45,689,2,13,4,0,0,0,0,8,10,0,0,8,2,88,1,2,0,0,0,163,6,5,0,1,4,6,3,0,64,201,6,1,0,1,0,5,0,42,6,1,36,"37,829","37,089",97,61,0,10,48,524,0,"11,557"
E12000008,SOUTH EAST,E07000225,Chichester,,"113,794","75,248",492,276,163,419,31,516,0,13,9,0,0,0,1,2,16,0,0,4,4,99,1,0,2,3,2,128,6,7,0,0,6,3,2,2,42,94,13,4,0,0,0,3,0,32,0,2,16,"27,947","27,273",87,73,1,15,58,440,0,"8,702"
E12000008,SOUTH EAST,E07000226,Crawley,,"106,597","57,782",401,"4,892",98,"7,681",729,448,0,11,2,4,0,0,0,1,9,0,0,9,56,38,0,0,0,1,2,105,2,19,0,0,4,17,1,0,20,84,5,0,0,0,0,0,0,27,3,17,11,"27,756","27,223",49,35,0,7,19,422,1,"6,810"
E12000008,SOUTH EAST,E07000227,Horsham,,"131,301","83,316",420,355,199,673,92,532,3,14,0,1,0,0,0,3,12,0,1,5,4,94,1,0,2,0,5,159,5,9,0,4,4,7,0,4,46,76,9,1,0,1,0,2,0,28,4,9,19,"35,355","34,591",77,74,5,17,63,528,0,"10,359"
E12000008,SOUTH EAST,E07000228,Mid Sussex,,"139,860","87,757",508,855,283,"1,130",88,924,2,20,8,0,0,0,0,4,14,0,0,0,12,90,1,1,4,1,8,152,3,9,0,0,5,380,5,0,47,67,8,2,0,0,4,1,2,32,3,9,30,"37,218","36,424",97,72,5,13,55,548,4,"11,097"
E12000008,SOUTH EAST,E07000229,Worthing,,"104,640","60,817",600,546,227,"1,348",122,666,0,11,1,2,1,1,1,2,14,1,1,1,6,95,0,0,2,2,8,181,7,8,0,0,5,2,1,0,47,165,8,0,2,0,0,1,1,52,5,4,28,"31,577","30,859",79,82,2,7,46,501,1,"8,737"
E12000009,SOUTH WEST,E06000022,Bath and North East Somerset UA,,"176,016","99,468",941,535,254,"1,179",140,935,5,29,20,0,1,6,2,4,21,0,2,3,7,155,0,0,4,3,14,237,14,41,3,0,6,8,2,5,77,114,23,8,0,1,4,9,0,39,3,11,54,"57,626","56,455",189,136,1,17,86,742,0,"14,938"
E12000009,SOUTH WEST,E06000028,Bournemouth UA,,"183,491","104,828","1,215","1,292","1,343","3,264",156,"1,216",1,29,12,0,1,3,0,5,14,1,0,8,7,100,2,0,8,5,16,248,12,32,1,0,17,17,1,4,120,358,24,3,3,1,3,8,0,50,4,15,83,"55,911","54,470",138,122,3,24,84,"1,067",3,"14,266"
E12000009,SOUTH WEST,E06000023,"Bristol, City of UA",,"428,234","200,254","2,549","2,712",777,"22,016","2,133","2,793",5,83,80,1,0,4,1,10,47,0,3,21,30,415,1,3,13,15,34,575,44,243,4,5,34,12,17,11,269,376,81,11,4,13,1,9,2,99,7,21,189,"160,218","156,666",506,476,5,61,190,"2,310",4,"34,782"
E12000009,SOUTH WEST,E06000052,Cornwall UA,,"532,273","318,357","1,726",556,389,855,105,"3,609",17,39,30,0,0,2,1,12,78,0,4,21,1,530,4,1,10,5,35,"1,429",42,49,3,2,26,16,17,10,213,532,79,11,2,4,1,13,2,186,25,10,147,"161,320","158,104",439,309,4,63,224,"2,169",8,"45,356"
E12000009,SOUTH WEST,E06000053,Isles of Scilly UA,,"2,203","1,218",9,1,4,3,0,12,0,0,1,0,0,0,0,0,0,0,0,1,0,2,0,0,0,0,1,3,0,1,0,0,0,0,0,0,0,3,0,0,0,0,0,0,0,0,0,0,0,742,725,1,2,0,0,0,14,0,214
E12000009,SOUTH WEST,E06000024,North Somerset UA,,"202,566","123,545",554,340,157,869,95,939,2,22,4,0,0,0,0,3,36,0,0,6,0,120,0,0,1,0,6,265,7,19,2,0,0,5,2,1,69,245,7,2,0,0,0,4,0,52,4,3,52,"60,867","59,723",141,97,3,24,55,821,3,"15,200"
E12000009,SOUTH WEST,E06000026,Plymouth UA,,"256,384","148,917",881,567,168,"2,078",89,"1,198",4,23,16,1,1,5,2,6,14,1,4,15,4,97,2,3,1,3,14,418,13,49,0,1,17,30,0,3,58,188,38,5,0,1,0,4,0,81,9,6,61,"84,295","82,602",190,165,4,48,57,"1,229",0,"18,191"
E12000009,SOUTH WEST,E06000029,Poole UA,,"147,645","89,243",538,511,404,"1,035",79,717,2,13,11,1,0,1,0,2,16,0,1,3,6,72,0,0,1,2,6,192,5,16,2,0,1,24,2,2,54,185,9,4,0,0,0,1,0,39,11,5,28,"43,922","43,040",85,97,0,20,49,630,1,"11,196"
E12000009,SOUTH WEST,E06000025,South Gloucestershire UA,,"262,767","156,504",708,"1,681",145,"2,176",623,888,2,23,4,0,0,2,0,5,19,0,1,9,10,77,0,0,1,6,10,252,8,22,0,2,9,4,1,6,71,211,22,3,0,0,0,3,3,47,2,1,52,"80,607","79,380",134,116,2,42,61,872,0,"19,435"
E12000009,SOUTH WEST,E06000030,Swindon UA,,"209,156","120,287","1,209","2,597",151,"3,538","1,228","1,061",1,51,7,0,2,3,0,6,25,0,0,23,12,65,1,0,2,4,5,338,6,24,31,2,15,7,3,2,68,198,9,5,1,1,9,3,1,77,3,9,42,"64,780","63,730",87,109,3,13,48,788,2,"14,305"
E12000009,SOUTH WEST,E06000027,Torbay UA,,"130,959","82,924",389,128,109,521,41,702,0,5,4,0,0,1,0,3,18,0,2,3,0,70,0,2,4,0,6,177,7,9,0,1,5,3,3,0,36,246,11,0,0,0,0,6,0,40,4,3,33,"36,035","35,362",71,68,2,8,24,500,0,"10,110"
E12000009,SOUTH WEST,E06000054,Wiltshire UA,,"470,981","301,651","1,621","1,308",384,"2,074",303,"2,417",7,25,21,0,1,6,0,6,90,0,2,26,9,357,0,3,8,5,16,820,30,44,0,2,13,6,3,6,164,462,29,6,2,1,0,11,2,124,14,4,92,"125,045","122,529",295,245,2,53,122,"1,795",4,"36,178"
E12000009,SOUTH WEST,E07000040,East Devon,,"132,457","86,934",351,55,142,229,13,657,1,9,4,0,1,0,0,5,13,0,0,3,1,156,0,1,7,2,4,180,12,12,1,1,2,2,4,2,31,97,16,1,1,2,0,4,0,34,9,2,37,"33,280","32,649",107,56,2,14,51,399,2,"10,796"
E12000009,SOUTH WEST,E07000041,Exeter,,"117,773","63,486",683,372,155,"1,855",160,671,3,15,9,0,1,1,0,9,5,0,0,1,2,80,2,0,3,3,7,200,15,27,0,0,14,3,1,1,44,134,11,5,0,2,0,3,2,33,6,3,26,"40,862","39,996",145,106,0,26,42,547,0,"9,529"
E12000009,SOUTH WEST,E07000042,Mid Devon,,"77,750","48,273",224,96,46,112,5,366,2,3,6,0,0,0,0,0,3,0,1,0,0,68,1,0,2,0,5,139,5,12,0,1,2,1,2,0,20,51,4,0,1,1,1,2,0,14,3,1,15,"22,122","21,693",40,29,1,18,34,307,0,"6,506"
E12000009,SOUTH WEST,E07000043,North Devon,,"93,667","57,426",283,101,52,281,57,473,1,4,5,0,0,0,0,3,12,0,0,5,3,72,0,0,2,0,3,169,3,5,0,2,4,9,2,0,29,89,4,1,0,0,0,2,0,20,3,3,18,"26,983","26,482",59,45,4,5,38,349,1,"8,011"
E12000009,SOUTH WEST,E07000044,South Hams,,"83,140","51,181",468,56,109,201,5,634,4,5,4,0,0,7,0,5,10,0,0,11,2,194,0,0,2,1,9,152,13,6,0,1,0,5,2,2,51,68,13,1,0,0,0,8,0,14,3,5,36,"23,068","22,566",79,46,2,9,67,297,2,"7,418"
E12000009,SOUTH WEST,E07000045,Teignbridge,,"124,220","77,289",414,74,95,231,11,727,6,18,3,0,0,4,0,0,13,0,2,2,2,109,2,0,2,2,5,220,11,21,0,0,4,5,2,2,53,142,20,1,1,0,0,5,1,30,4,1,34,"34,939","34,261",69,60,2,6,62,478,1,"10,440"
E12000009,SOUTH WEST,E07000046,Torridge,,"63,839","40,110",151,30,37,92,5,420,0,0,1,0,0,1,0,0,11,0,0,4,1,67,2,2,1,0,5,139,2,5,1,0,3,1,2,1,34,90,4,0,0,1,0,4,0,18,2,1,17,"17,537","17,163",35,25,1,1,36,276,0,"5,457"
E12000009,SOUTH WEST,E07000047,West Devon,,"53,553","34,079",152,34,49,90,7,313,4,0,2,0,0,0,0,0,12,0,0,2,0,65,0,0,2,0,3,116,7,8,1,0,4,0,1,1,17,26,3,0,0,0,0,0,0,21,1,0,17,"14,254","13,924",46,40,0,3,38,203,0,"4,575"
E12000009,SOUTH WEST,E07000048,Christchurch,,"47,752","32,057",157,51,96,146,5,264,0,3,6,0,0,0,0,1,6,0,1,1,3,34,0,0,0,0,0,62,1,3,0,0,2,0,0,0,20,81,5,2,0,0,0,2,0,10,1,1,19,"11,291","11,066",30,22,0,1,18,154,0,"3,685"
E12000009,SOUTH WEST,E07000049,East Dorset,,"87,166","58,251",156,103,148,352,12,359,1,6,3,0,0,1,1,0,9,1,0,0,0,64,0,0,0,1,2,82,3,3,4,0,2,4,1,1,17,104,3,0,0,0,0,4,1,8,0,0,33,"21,103","20,704",60,42,0,2,19,276,0,"6,682"
E12000009,SOUTH WEST,E07000050,North Dorset,,"68,583","45,631",262,221,92,186,10,341,0,1,1,0,0,2,0,1,17,0,1,0,0,61,0,0,1,0,6,113,8,4,0,0,7,1,6,0,16,39,7,1,0,0,0,2,0,29,2,0,15,"16,323","15,956",42,32,2,7,32,251,1,"5,517"
E12000009,SOUTH WEST,E07000051,Purbeck,,"44,973","29,239",111,5,36,69,2,217,2,2,3,0,0,0,0,0,7,0,1,1,1,37,0,0,2,1,4,88,2,0,0,0,1,0,0,1,15,28,3,0,0,0,0,1,0,7,3,1,6,"11,642","11,388",38,23,0,3,15,175,0,"3,652"
E12000009,SOUTH WEST,E07000052,West Dorset,,"99,264","64,793",334,121,86,257,13,594,8,2,6,0,0,2,0,2,9,0,1,3,0,134,1,0,2,0,2,201,7,8,1,1,2,1,3,6,58,60,11,5,0,1,0,4,1,27,1,1,23,"24,783","24,220",91,56,2,7,62,344,1,"8,283"
E12000009,SOUTH WEST,E07000053,Weymouth and Portland,,"65,167","39,766",260,49,61,308,46,455,3,2,4,0,0,0,0,6,12,0,0,2,1,44,0,0,4,2,4,193,5,6,0,0,5,7,2,1,32,65,7,1,2,0,6,1,0,8,3,1,26,"19,079","18,693",54,42,1,0,16,273,0,"5,143"
E12000009,SOUTH WEST,E07000078,Cheltenham,,"115,732","67,955",505,938,160,"1,087",147,514,3,12,8,0,0,1,0,5,15,0,2,5,14,62,0,0,3,2,8,129,8,18,0,0,4,0,0,4,44,75,16,2,1,0,0,1,0,36,7,7,22,"35,593","34,783",112,72,1,10,42,573,0,"8,833"
E12000009,SOUTH WEST,E07000079,Cotswold,,"82,881","56,923",217,114,123,164,7,314,1,1,7,0,0,1,0,5,8,0,0,2,0,73,1,0,0,1,3,73,2,3,0,0,2,2,1,0,26,59,5,4,0,2,0,0,0,14,0,3,15,"18,979","18,585",60,40,0,7,33,253,1,"6,040"
E12000009,SOUTH WEST,E07000080,Forest of Dean,,"81,961","53,912",200,57,46,94,57,441,0,0,1,0,0,0,0,7,6,0,0,4,1,80,1,0,1,0,7,179,4,9,0,0,1,3,2,6,21,57,8,1,0,1,0,2,0,29,0,1,9,"20,646","20,306",32,36,1,4,27,240,0,"6,508"
E12000009,SOUTH WEST,E07000081,Gloucester,,"121,688","75,881",311,728,50,"3,885",134,499,1,9,6,0,0,1,0,4,8,0,0,4,5,47,2,0,0,1,5,117,6,18,0,0,4,1,1,0,33,137,13,0,1,0,0,0,0,35,6,3,31,"31,851","31,289",67,45,0,16,13,419,2,"8,349"
E12000009,SOUTH WEST,E07000082,Stroud,,"112,779","69,921",366,122,107,238,40,888,6,10,1,0,0,0,0,3,18,0,3,5,2,296,1,0,4,0,8,223,11,17,0,0,1,5,6,2,67,102,19,0,0,0,0,8,0,32,2,3,33,"31,968","31,278",91,66,1,10,69,453,0,"9,129"
E12000009,SOUTH WEST,E07000083,Tewkesbury,,"81,943","54,552",173,263,53,273,64,284,0,4,2,0,0,0,0,1,5,0,0,0,1,44,0,0,0,0,1,77,7,9,0,0,1,0,0,3,33,46,3,0,0,0,5,1,0,21,1,2,17,"20,459","20,070",45,31,1,2,27,282,1,"5,822"
E12000009,SOUTH WEST,E07000187,Mendip,,"109,279","67,683",510,113,81,270,14,"1,224",3,5,4,0,0,5,0,4,48,0,1,3,0,386,1,2,12,3,10,416,21,14,0,0,5,2,15,1,59,56,18,4,2,1,6,10,3,38,13,2,51,"29,913","29,247",90,56,1,11,47,458,3,"9,471"
E12000009,SOUTH WEST,E07000188,Sedgemoor,,"114,588","74,069",256,74,45,341,48,577,0,8,8,0,0,0,0,2,6,0,0,4,1,83,1,0,1,0,11,186,2,10,0,0,11,0,2,5,37,107,6,1,1,1,0,2,0,41,5,2,33,"30,399","29,909",57,42,2,11,35,342,1,"8,779"
E12000009,SOUTH WEST,E07000189,South Somerset,,"161,243","106,336",376,135,124,417,15,808,6,4,21,0,0,0,0,3,25,0,0,5,0,177,0,1,5,0,8,281,10,18,0,0,3,3,4,1,46,91,17,2,0,3,0,4,0,34,3,4,29,"40,637","39,887",85,67,4,6,47,537,4,"12,395"
E12000009,SOUTH WEST,E07000190,Taunton Deane,,"110,187","68,419",357,179,69,399,14,557,5,7,11,1,0,1,0,3,5,1,1,0,4,72,0,2,2,0,8,196,4,12,0,0,8,0,1,1,45,77,10,0,0,0,0,5,0,32,10,4,29,"31,436","30,771",95,64,2,12,44,444,4,"8,757"
E12000009,SOUTH WEST,E07000191,West Somerset,,"34,675","22,704",113,5,18,43,9,195,2,3,2,0,0,0,0,1,3,0,0,1,0,32,1,0,1,0,1,68,2,0,0,0,3,1,0,0,13,38,3,0,0,1,0,1,1,13,0,0,4,"8,686","8,478",25,18,0,2,20,143,0,"2,902"
,,W06000001,Isle of Anglesey,,"69,751","45,400",165,45,40,250,43,257,1,11,2,0,0,0,0,1,10,0,0,1,0,33,0,0,1,1,2,83,2,2,0,0,0,0,1,0,10,49,5,0,0,0,0,6,0,16,1,1,18,"17,797","17,584",29,37,2,2,12,131,0,"5,754"
,,W06000002,Gwynedd,,"121,874","72,503",426,238,55,"1,378",39,637,5,26,3,0,0,3,0,4,12,0,2,8,1,85,2,2,2,3,4,220,8,13,10,0,2,1,3,2,19,79,17,3,0,0,1,3,0,35,6,2,51,"36,163","35,611",71,65,1,12,24,378,1,"10,435"
,,W06000003,Conwy,,"115,228","74,506",347,206,62,583,17,478,2,11,5,0,0,1,0,2,7,0,0,1,4,59,0,1,1,0,7,140,1,2,1,0,2,2,3,0,24,118,3,2,0,0,0,2,0,37,1,1,38,"30,017","29,563",49,47,2,4,38,314,0,"9,012"
,,W06000004,Denbighshire,,"93,734","60,129",266,167,32,469,8,345,0,0,5,0,0,1,0,0,11,1,1,1,3,42,0,0,1,0,2,113,1,9,0,1,6,0,2,1,24,63,5,1,0,0,0,1,0,21,5,2,22,"25,132","24,798",42,50,0,6,29,207,0,"7,186"
,,W06000005,Flintshire,,"152,506","101,298",344,158,70,482,29,362,0,8,2,0,0,1,0,0,9,0,0,2,6,48,2,0,1,0,4,117,2,3,0,0,7,0,0,4,29,55,4,1,0,0,0,0,0,31,1,0,25,"38,726","38,197",47,54,1,13,39,374,1,"11,037"
,,W06000006,Wrexham,,"134,844","85,576",351,504,58,860,87,310,0,3,2,0,0,0,0,0,11,0,0,1,6,38,0,0,0,0,1,92,1,8,0,0,8,1,0,3,28,35,9,3,0,0,0,6,1,30,4,1,18,"36,927","36,462",71,41,0,25,27,300,1,"10,171"
,,W06000023,Powys,,"132,976","82,120",567,324,80,235,49,798,6,11,4,0,0,3,1,4,11,0,2,2,3,205,1,0,4,0,3,227,3,13,0,0,2,1,2,3,50,114,14,2,1,0,0,5,0,42,5,1,53,"37,050","36,429",66,61,0,12,67,414,1,"11,753"
,,W06000008,Ceredigion,,"75,922","43,981",355,197,64,521,30,742,8,9,10,0,0,0,0,4,12,0,1,9,0,110,1,0,5,1,12,234,9,24,0,1,5,4,3,3,37,101,17,8,0,0,0,7,0,35,9,3,60,"23,329","22,735",96,90,2,19,38,349,0,"6,703"
,,W06000009,Pembrokeshire,,"122,439","77,162",422,230,50,425,36,648,3,4,10,0,0,3,0,3,17,0,0,3,0,154,1,2,1,1,8,162,12,5,0,0,2,0,4,2,47,115,14,2,0,0,0,4,0,37,2,0,30,"33,442","32,885",66,66,4,2,45,373,1,"10,024"
,,W06000010,Carmarthenshire,,"183,777","113,534",420,351,82,625,125,945,7,19,12,0,0,2,0,4,13,0,1,11,4,184,1,0,4,4,8,273,9,5,0,6,1,3,3,3,68,161,21,2,0,1,0,4,0,42,1,1,67,"53,036","52,402",114,81,1,3,46,386,3,"14,659"
,,W06000011,Swansea,,"239,023","131,451",856,780,159,"5,415",278,"1,042",4,30,19,2,4,1,2,10,15,10,2,9,4,173,1,1,3,3,17,263,12,25,0,2,13,3,3,2,81,141,20,4,2,0,1,3,0,55,5,6,91,"81,219","79,948",206,141,2,25,70,821,6,"17,823"
,,W06000012,Neath Port Talbot,,"139,812","80,646",312,144,39,573,113,533,2,3,2,0,0,5,0,0,13,0,0,2,0,51,0,0,2,1,3,144,7,7,0,1,4,2,0,3,42,151,4,2,0,2,1,3,1,36,4,0,35,"47,265","46,875",68,42,0,6,18,255,1,"10,187"
,,W06000013,Bridgend ,,"139,178","76,625",357,270,33,529,46,495,1,6,2,0,0,0,1,4,6,0,0,3,0,47,0,1,0,0,1,107,5,7,0,1,1,1,0,0,37,173,10,0,0,0,0,3,0,32,2,1,43,"51,062","50,567",78,69,0,8,25,312,3,"9,761"
,,W06000014,The Vale of Glamorgan,,"126,336","73,384",356,269,90,785,75,528,0,24,11,0,0,1,0,1,9,0,0,7,2,90,0,0,1,0,5,112,3,13,0,0,0,2,1,2,53,122,5,0,0,0,0,3,0,25,4,1,31,"41,556","40,953",104,65,3,3,48,379,1,"9,293"
,,W06000015,Cardiff,,"346,090","177,743","1,690","4,736",802,"23,656","1,317","1,406",8,47,20,2,3,1,3,11,25,0,3,10,47,112,2,1,0,9,10,346,21,63,1,8,10,21,4,3,119,234,35,2,4,1,12,6,7,50,6,20,119,"109,960","107,964",321,261,1,57,111,"1,239",6,"24,780"
,,W06000016,Rhondda Cynon Taf,,"234,410","118,388",518,401,87,"1,061",183,870,0,4,4,2,0,1,1,0,19,0,0,3,2,56,0,0,4,0,3,216,6,7,0,1,10,4,2,1,47,321,11,2,1,0,0,0,0,58,9,1,74,"95,549","94,770",92,82,1,10,50,544,0,"17,353"
,,W06000024,Merthyr Tydfil,,"58,802","32,948",124,80,4,197,52,221,0,0,2,0,0,0,0,1,2,0,0,1,4,11,0,0,0,0,6,40,0,3,0,2,0,1,1,2,9,93,1,0,0,0,0,0,0,9,2,0,31,"21,048","20,892",19,22,0,7,6,102,0,"4,128"
,,W06000018,Caerphilly,,"178,806","90,669",278,174,69,391,152,665,1,19,8,0,0,0,0,1,11,0,0,2,2,43,0,0,1,0,2,179,0,5,0,0,2,4,3,0,31,225,11,1,0,0,0,1,1,48,5,0,59,"73,084","72,496",77,78,1,5,34,393,0,"13,324"
,,W06000019,Blaenau Gwent,,"69,814","34,805",112,72,8,179,39,253,1,3,2,0,0,3,0,2,5,0,0,1,0,15,0,0,0,0,0,70,1,6,0,1,0,1,1,0,18,80,0,0,0,0,0,3,0,23,1,0,16,"28,676","28,473",26,21,0,0,6,148,2,"5,670"
,,W06000020,Torfaen,,"91,075","50,472",222,241,16,238,56,316,2,8,2,0,0,1,0,2,5,0,0,0,0,23,0,0,2,1,2,83,0,4,0,2,8,1,0,0,21,91,5,0,0,0,0,0,0,21,5,0,27,"32,605","32,297",32,27,0,17,16,216,0,"6,909"
,,W06000021,Monmouthshire,,"91,323","57,101",269,162,65,239,47,391,0,9,9,0,0,1,0,1,14,0,0,13,1,39,1,0,0,3,3,133,6,7,0,2,2,2,2,0,25,66,7,2,0,0,0,0,0,14,3,1,25,"26,018","25,613",54,40,1,18,43,248,1,"7,031"
,,W06000022,Newport,,"145,736","82,858",360,685,99,"6,859",141,463,3,20,6,2,1,0,0,2,6,0,0,1,6,41,0,0,0,1,4,94,2,18,1,0,8,3,0,0,22,104,10,2,0,0,2,1,0,43,2,8,50,"43,336","42,774",82,66,1,14,23,376,0,"10,935"
,,,,,,,,,,,,,,,,,,,,,,,,,,,,,,,,,,,,,,,,,,,,,,,,,,,,,,,,,,,,,,,
